,Watched,Date,Day,Rating,movieId,title,genres,release_date,vote_average,vote_count,keywords
0,with family,07/05/2018,monday,1,4258,Scary Movie 5,Comedy,11/04/2013,4.6,810,"sequel, parody, spoof, aftercreditsstinger, duringcreditsstinger"
1,with family,14/05/2018,monday,1,71880,Jack and Jill,Comedy,11/11/2011,4,620,duringcreditsstinger
2,with family,07/07/2018,saturday,1,188207,The Legend of Hercules,"Action, Adventure",10/01/2014,4.4,540,"mythology, zeus, ancient greece, demigod, city of argos"
3,with family,25/12/2018,tuesday,1,314,Catwoman,"Action, Crime",22/07/2004,4.2,830,"white russian, sex, dc comics, beauty, sexism"
4,with family,16/04/2018,monday,1,263472,Knock Knock,"Drama, Thriller",26/06/2015,4.9,880,"female nudity, sex, disc jockey, infidelity, rain"
5,with family,20/06/2018,wednesday,1,37169,The Human Centipede (First Sequence),Horror,26/04/2009,4.9,530,"kidnapping, surgeon, body mutilation, psychosis, body horror"
6,Alone,18/09/2018,tuesday,2,403119,47 Meters Down,"Drama, Thriller, Horror, Adventure",15/06/2017,5.1,550,"diving, sister sister relationship, shark attack, cage, shark"
7,with gf,10/04/2018,tuesday,2,100042,Dumb and Dumber To,Comedy,12/11/2014,5.4,1140,"friendship, sequel, road movie, buddy comedy"
8,Alone,16/09/2018,sunday,2,9645,Ghost Ship,"Horror, Mystery, Thriller",25/10/2002,5.3,540,"cruise, pilot, ghost ship"
9,Alone,30/04/2018,monday,2,282035,The Mummy,"Thriller, Action, Adventure",06/06/2017,5.4,2120,"monster, mummy, horror"
10,with gf,17/04/2018,tuesday,2,13051,Max Payne,Action,15/10/2008,5.2,620,"assassin, based on video game, aftercreditsstinger"
11,with gf,28/05/2018,monday,2,243688,Poltergeist,"Horror, Thriller",20/05/2015,5,920,"poltergeist, haunted house, remake, duringcreditsstinger"
12,with gf,03/08/2018,friday,2,44912,Green Lantern,"Adventure, Action, Thriller, Science Fiction",16/06/2011,5.1,2550,"dc comics, transformation, superhero, alien, alien infection"
13,with gf,19/11/2018,monday,2,216015,Fifty Shades of Grey,"Drama, Romance, Thriller",11/02/2015,5.2,3350,"based on novel, perversion, spanking, billionaire, bdsm"
14,with gf,08/12/2018,saturday,2,210860,Mortdecai,"Comedy, Adventure",21/01/2015,5.4,1080,"based on novel, painting, debt, art dealer, stolen painting"
15,with gf,26/02/2019,tuesday,2,47327,Drive Angry,"Fantasy, Thriller, Action, Crime",24/02/2011,5.3,610,"bone, car explosion, premarital sex, satanic cult, ""drivers license"""
16,Alone,07/09/2018,friday,2,278924,Mechanic: Resurrection,"Action, Crime, Thriller",25/08/2016,5.3,1240,"assassin, sequel, murder, mechanic"
17,with gf,14/01/2019,monday,2,19899,Couples Retreat,"Comedy, Romance",19/09/2009,5.3,600,"island, married couple, yoga, tahiti, couples therapy"
18,Alone,19/06/2018,tuesday,2,1979,Fantastic 4: Rise of the Silver Surfer,"Adventure, Fantasy, Action, Thriller",13/06/2007,5.4,2650,"fire, helicopter, surfboard, mask, satellite"
19,Alone,29/01/2019,tuesday,2,43074,Ghostbusters,"Action, Fantasy, Comedy",14/07/2016,5.3,2200,"female friendship, ghost hunting, reboot, ghost"
20,with family,25/08/2018,saturday,2,72559,G.I. Joe: Retaliation,"Adventure, Action, Science Fiction, Thriller",26/03/2013,5.4,3040,"terror, assassin, secret, technology, missile"
21,with gf,06/01/2019,sunday,2,9381,Babylon A.D.,"Action, Adventure, Science Fiction, Thriller",20/08/2008,5.4,690,"submarine, baby, secret, future, mercenary"
22,with gf,30/03/2018,friday,2,124459,The Incredible Burt Wonderstone,Comedy,14/03/2013,5.3,730,"magic, las vegas"
23,Alone,03/08/2018,friday,2,49524,R.I.P.D.,"Fantasy, Action, Comedy, Crime",18/07/2013,5.4,1280,"gold, police operation, partner, revenge, undead"
24,Alone,30/11/2018,friday,2,271969,Ben-Hur,"Adventure, Drama, Action",17/08/2016,5.3,640,"ancient rome, betrayal, vengeance"
25,with gf,05/05/2019,sunday,2,201088,Blackhat,"Crime, Drama, Mystery",13/01/2015,5.1,840,"terrorist, technology, anti hero, hacker, computer virus"
26,Alone,25/02/2019,monday,2,7840,"10,000 BC","Adventure, Action, Drama, Fantasy",22/02/2008,5.1,930,"indigenous, lover (female), pyramid, mammoth, sapient"
27,with gf,12/06/2018,tuesday,2,2698,Evan Almighty,"Fantasy, Comedy, Family",09/06/2007,5.3,1190,"father son relationship, daily life, married couple, support, father"
28,Alone,28/12/2018,friday,2,13836,Race to Witch Mountain,"Adventure, Family, Fantasy, Science Fiction, Thriller",12/03/2009,5.4,520,"mountain, spacecraft, laser, teleportation, telekinesis"
29,Alone,01/07/2018,sunday,2,18480,Brüno,Comedy,08/07/2009,5.4,530,"gay, fame, mockumentary, hollywood, lgbt"
30,with gf,21/05/2018,monday,2,14560,Paul Blart: Mall Cop,"Action, Adventure, Comedy, Family",15/01/2009,5.2,810,"security guard, duringcreditsstinger"
31,with gf,11/11/2018,sunday,3,184346,Deliver Us from Evil,"Thriller, Crime, Horror",01/07/2014,5.9,700,"possessed, demon, occult, demonic possession"
32,with family,25/12/2018,tuesday,3,9955,Blades of Glory,"Action, Comedy, Drama",30/03/2007,5.9,580,"competition, olympic games, sport, rivalry, ice skating"
33,with family,04/08/2018,saturday,3,257344,Pixels,"Action, Comedy, Science Fiction",16/07/2015,5.6,2560,"video game, nerd, alien attack, 3d, pixels"
34,with family,20/04/2019,saturday,3,23827,Paranormal Activity,"Horror, Mystery",14/09/2007,5.9,1350,"haunting, psychic, entity, demonic possession, found footage"
35,with family,05/01/2019,saturday,3,709,Licence to Kill,"Adventure, Action, Thriller",07/07/1989,5.9,550,"corruption, florida, secret identity, liberation of prisoners, drug traffic"
36,with gf,12/10/2018,friday,3,9355,Mad Max Beyond Thunderdome,"Action, Adventure, Science Fiction",29/06/1985,5.9,760,"arena, sandstorm, dystopia, oasis, sequel"
37,with family,28/03/2019,thursday,3,10202,Bedtime Stories,"Fantasy, Comedy, Family, Romance",24/12/2008,5.9,920,"wishes come true, escapade, disorder, imaginary, miraculous event"
38,with gf,01/05/2018,tuesday,3,52451,The Three Musketeers,"Adventure, Action, Thriller",31/08/2011,5.6,940,"number in title, historical fiction, musketeer, 17th century, 3d"
39,with family,10/04/2018,tuesday,3,86834,Noah,"Drama, Adventure",20/03/2014,5.5,2410,"bible, god, noah, 3d"
40,with family,07/12/2018,friday,3,62213,Dark Shadows,"Comedy, Fantasy",08/05/2012,5.7,2380,"witch, imprisonment, vampire, curse, fish out of water"
41,with family,02/06/2018,saturday,3,335796,Ouija: Origin of Evil,"Horror, Thriller",20/10/2016,5.8,740,"supernatural, prequel, possession, ouija board, spirit"
42,with gf,07/04/2018,saturday,3,2642,Two Weeks Notice,"Comedy, Romance",19/12/2002,5.9,500,"set, sammen"
43,with family,12/04/2018,thursday,3,283445,Sinister 2,Horror,19/08/2015,5.5,600,"haunted house, sequel, twins"
44,with family,01/07/2018,sunday,3,14869,G.I. Joe: The Rise of Cobra,"Adventure, Action, Thriller, Science Fiction",04/08/2009,5.6,1990,"terrorist, secret, hostage, technology, laser"
45,with gf,11/08/2018,saturday,3,10137,Stuart Little,"Animation, Fantasy, Family, Comedy",17/12/1999,5.8,1000,"brother brother relationship, based on novel, cat, mouse, adoption"
46,with family,23/08/2018,thursday,3,36669,Die Another Day,"Adventure, Action, Thriller",17/11/2002,5.8,1110,"laser, british secret service, secret service agent, space based weapon"
47,with family,02/10/2018,tuesday,3,11674,101 Dalmatians,"Comedy, Family",17/11/1996,5.6,720,"london england, fur, fashion designer, puppy, ""based on childrens book"""
48,with family,13/11/2018,tuesday,3,41513,The Smurfs,"Animation, Family, Adventure, Comedy, Fantasy",29/07/2011,5.5,1200,"moon, magic, based on comic, animation, good vs evil"
49,with gf,16/12/2018,sunday,3,18360,Night at the Museum: Battle of the Smithsonian,"Adventure, Fantasy, Action, Comedy, Family",20/05/2009,5.9,2030,"museum, theodore roosevelt, duringcreditsstinger, amelia earhart, smithsonian"
50,with family,26/12/2018,wednesday,3,23437,A Nightmare on Elm Street,"Horror, Mystery, Thriller",30/04/2010,5.5,770,"pedophilia, supernatural, freddy krueger, remake, revenge"
51,with family,08/02/2019,friday,3,10661,You Don't Mess with the Zohan,"Comedy, Action",05/06/2008,5.5,1070,"new york, israel, middle east, hairdresser, ladykiller"
52,with family,26/03/2019,tuesday,3,10022,The Pacifier,"Action, Comedy, Drama, Family, Thriller",04/03/2005,5.8,860,"bodybuilder, children, body guard, scientist, family"
53,with family,08/04/2018,sunday,3,951,Kindergarten Cop,Comedy,21/12/1990,5.8,640,"crime fighter, cook, drug dealer, dying and death, kindergarten"
54,Alone,21/04/2018,saturday,3,9600,Big Momma's House,"Crime, Comedy",31/05/2000,5.6,510,"绝地奶霸, 卧底肥妈, big爆任务, 超级妈妈"
55,with family,13/05/2018,sunday,3,266294,Sisters,Comedy,18/12/2015,5.8,590,"sister sister relationship, childhood home"
56,with family,20/09/2018,thursday,3,109431,Identity Thief,"Comedy, Crime",07/02/2013,5.6,1670,
57,Alone,01/10/2018,monday,3,353491,The Dark Tower,"Action, Western, Science Fiction, Fantasy, Horror",03/08/2017,5.7,690,"gunslinger, based on novel"
58,with family,18/11/2018,sunday,3,98357,Broken City,"Thriller, Crime, Drama",18/01/2013,5.7,600,"mayor, investigation, politics, ex-cop, revenge"
59,with family,27/01/2019,sunday,3,534,Terminator Salvation,"Action, Science Fiction, Thriller",20/05/2009,5.9,2500,"saving the world, artificial intelligence, prophecy, san francisco, cyborg"
60,with family,31/03/2019,sunday,3,3597,I Know What You Did Last Summer,"Horror, Thriller, Mystery",17/10/1997,5.6,700,"secret, blackmail, fisherman, police, high school"
61,Alone,29/04/2019,monday,3,315837,Ghost in the Shell,"Action, Science Fiction, Thriller",29/03/2017,5.9,2550,"philosophy, cyborg, hacker, strong woman, investigation"
62,with family,28/10/2018,sunday,3,7552,Fun with Dick and Jane,Comedy,21/12/2005,5.9,640,"based on novel, desperation, robber, hold-up robbery, remake"
63,with family,02/03/2019,saturday,3,76494,What to Expect When You're Expecting,"Romance, Comedy, Drama",17/05/2012,5.8,610,"based on novel, adoption, pregnant, miscarriage, expectant father"
64,with family,08/04/2018,sunday,3,76640,The Last Stand,"Action, Crime, Thriller",12/01/2013,5.7,1280,"sheriff, small town, hostage, prisoner, fbi"
65,with family,11/04/2018,wednesday,3,1970,The Grudge,"Horror, Mystery, Thriller",22/10/2004,5.8,890,"male nudity, nurse, japanese, house, remake"
66,with family,19/07/2018,thursday,3,11452,National Lampoon’s Van Wilder,"Comedy, Romance",29/03/2002,5.9,870,"male nudity, female nudity, sex, college, locker room"
67,with family,28/02/2019,thursday,3,13207,Friday the 13th,Horror,11/02/2009,5.7,570,"teenager, cabin in the woods, axe murder, camp counselor, jason vorhees"
68,with family,05/02/2019,tuesday,3,258489,The Legend of Tarzan,"Action, Adventure",29/06/2016,5.5,2490,"africa, feral child, tarzan, jungle, animal attack"
69,with family,04/05/2018,friday,3,58595,Snow White and the Huntsman,"Adventure, Fantasy, Drama",30/05/2012,5.8,3180,"queen, magic, fairy tale, immortality, forest"
70,with family,06/09/2018,thursday,3,47971,xXx: Return of Xander Cage,"Action, Adventure, Crime",13/01/2017,5.5,1500,"tattoo, spy, airplane, secret agent, parachute"
71,with family,14/05/2018,monday,3,8247,Jumper,"Adventure, Fantasy, Science Fiction",10/02/2008,5.9,1860,"adolescence, based on novel, loss of child, fight, chase"
72,Alone,11/05/2018,friday,3,91314,Transformers: Age of Extinction,"Science Fiction, Action, Adventure",25/06/2014,5.8,3140,"sequel, alien, transformers, giant robot, robot"
73,with family,12/10/2018,friday,3,1995,Lara Croft: Tomb Raider,"Adventure, Fantasy, Action, Thriller",11/06/2001,5.7,2240,"treasure, buddhist monk, planetary configuration, angkor wat, illuminati"
74,with family,29/12/2018,saturday,3,59962,This Means War,"Action, Comedy, Romance",14/02/2012,5.9,1410,"love triangle, friendship, dating, sushi bar, exploding airplane"
75,with family,11/07/2018,wednesday,3,10025,Just My Luck,"Comedy, Drama, Family, Fantasy, Romance",12/05/2006,5.8,510,"jinx, bad luck, kiss, romantic comedy, alcohol abuse"
76,with gf,23/10/2018,tuesday,3,8836,The X Files: I Want to Believe,"Drama, Mystery, Science Fiction, Thriller",24/07/2008,5.5,530,"extraterrestrial technology, fbi, alien, fbi agent, duringcreditsstinger"
77,Alone,15/04/2018,sunday,3,228165,The SpongeBob Movie: Sponge Out of Water,"Animation, Adventure, Comedy, Family",05/02/2015,5.7,730,"ocean, sea, star, water, comedy"
78,with family,08/08/2018,wednesday,3,9506,Anger Management,Comedy,11/04/2003,5.9,940,"penalty, therapist, psychology, aggression, rage"
79,with family,07/05/2019,tuesday,3,57201,The Lone Ranger,"Action, Adventure, Western",03/07/2013,5.9,2360,"texas, horse, survivor, texas ranger, partner"
80,Alone,19/08/2018,sunday,3,6282,Coyote Ugly,"Comedy, Drama, Music, Romance",30/07/2000,5.8,590,"bar, musical, beautiful woman"
81,with family,28/12/2018,friday,3,296,Terminator 3: Rise of the Machines,"Action, Thriller, Science Fiction",02/07/2003,5.9,2180,"saving the world, artificial intelligence, man vs machine, cyborg, killer robot"
82,with family,22/11/2018,thursday,3,2268,The Golden Compass,"Adventure, Fantasy",04/12/2007,5.8,1350,"england, compass, experiment, lordship, uncle"
83,with family,24/08/2018,friday,3,254473,Brick Mansions,"Action, Crime, Drama",22/04/2014,5.7,630,"martial arts, atomic bomb, ghetto, parkour, cops"
84,with family,16/10/2018,tuesday,3,24021,The Twilight Saga: Eclipse,"Adventure, Fantasy, Drama, Romance",23/06/2010,5.9,2380,"vampire, graduation, bite, immortality, werewolf"
85,with family,25/12/2018,tuesday,3,324668,Jason Bourne,"Action, Thriller",27/07/2016,5.9,2390,"assassin, amnesia, flashback"
86,with gf,18/11/2018,sunday,3,10313,The Men Who Stare at Goats,"Comedy, War",17/10/2009,5.9,760,"vietnam veteran, kuwait, new age, staring contest, drug use"
87,with family,01/02/2019,friday,3,38117,Beastly,"Drama, Fantasy, Romance",21/01/2011,5.9,880,"based on novel, love, beautiful woman, curse, teenager"
88,with family,13/04/2018,friday,3,34016,She's Out of My League,"Comedy, Romance",11/03/2010,5.9,540,"confidence, romantic comedy, dating, insecurity, airport security"
89,with family,20/11/2018,tuesday,3,308531,Teenage Mutant Ninja Turtles: Out of the Shadows,"Fantasy, Action, Adventure, Comedy",01/06/2016,5.8,980,"brother brother relationship, turtle, sequel, based on comic, ninja"
90,with gf,13/06/2018,wednesday,3,80271,LOL,"Drama, Comedy, Romance",10/02/2012,5.8,900,"coming of age, mother daughter relationship, teen movie, teenager, based on movie"
91,with family,12/05/2018,saturday,3,33909,Wall Street: Money Never Sleeps,"Drama, Crime",02/09/2010,5.8,500,duringcreditsstinger
92,with family,07/04/2019,sunday,3,126889,Alien: Covenant,"Horror, Science Fiction, Thriller",09/05/2017,5.7,2680,"android, space travel, alien life-form, infection, egg"
93,with family,22/04/2019,monday,3,28211,Chloe,"Drama, Thriller, Mystery",25/03/2009,5.9,510,"toronto, lesbian, remake of french film, suspicious wife, female doctor"
94,Alone,10/04/2019,wednesday,3,50619,The Twilight Saga: Breaking Dawn - Part 1,"Adventure, Fantasy, Romance",15/03/2011,5.8,2620,"based on novel, vampire, werewolf, duringcreditsstinger, fang vamp"
95,with family,06/04/2019,saturday,3,58224,Mr. Popper's Penguins,"Comedy, Family",17/06/2011,5.7,780,"taxi, restaurant, zoo, penguin, ex husband"
96,Alone,14/07/2018,saturday,3,869,Planet of the Apes,"Thriller, Science Fiction, Action, Adventure",25/07/2001,5.6,1270,"gorilla, space marine, space suit, revolution, chimp"
97,with family,09/12/2018,sunday,3,331313,Keeping Up with the Joneses,"Action, Comedy",20/10/2016,5.9,610,suburb
98,Alone,20/02/2019,wednesday,3,152760,The Monuments Men,"War, Drama, History, Action",24/01/2014,5.8,1540,"world war ii, nazis, art theft, post world war ii"
99,with gf,30/03/2018,friday,4,308639,Dope,"Crime, Drama, Comedy",19/06/2015,7.2,700,"california, hip-hop, harvard university, geek, coming of age"
100,with gf,10/06/2018,sunday,4,1878,Fear and Loathing in Las Vegas,"Adventure, Drama, Comedy",22/05/1998,7.2,1320,"gonzo journalist, sweaty face, fake identity, wedding chapel, grapefruit"
101,with gf,05/08/2018,sunday,4,152584,Blue Is the Warmest Color,"Romance, Drama",09/10/2013,7.2,1110,"france, homophobia, love, lesbian relationship, gay interest"
102,Alone,30/04/2018,monday,4,9473,"South Park: Bigger, Longer & Uncut","Animation, Comedy, Music",30/06/1999,7.1,920,"gay, mount rushmore national memorial, swear word, hell, world supremacy"
103,Alone,28/12/2018,friday,4,2501,The Bourne Identity,"Action, Drama, Mystery, Thriller",14/06/2002,7.3,3640,"paris, barcelona spain, assassin, based on novel, secret identity"
104,with gf,27/10/2018,saturday,4,65754,The Girl with the Dragon Tattoo,"Thriller, Crime, Mystery, Drama",14/12/2011,7.2,2480,"rape, journalist, based on novel, journalism, hacker"
105,Alone,10/05/2018,thursday,4,8055,The Reader,"Drama, Romance",10/12/2008,7.2,840,"germany, war crimes, trial, female prisoner, teenager"
106,Alone,08/10/2018,monday,4,68722,The Master,Drama,07/09/2012,7,720,"post traumatic stress  disorder, sexual obsession, postwar period, drifter, alcoholic"
107,Alone,22/03/2019,friday,4,601,E.T. the Extra-Terrestrial,"Science Fiction, Adventure, Family, Fantasy",03/04/1982,7.3,3360,"farewell, homesickness, nasa, extraterrestrial technology, operation"
108,with family,09/07/2018,monday,4,401,Garden State,"Comedy, Drama, Romance",28/07/2004,7.1,630,"new jersey, paraplegic, loss of mother, expensive restaurant, pop culture"
109,Alone,12/10/2018,friday,4,82690,Wreck-It Ralph,"Family, Animation, Comedy, Adventure",01/11/2012,7.1,4660,"support group, product placement, bullying, racing, arcade"
110,with gf,06/06/2018,wednesday,4,297762,Wonder Woman,"Action, Adventure, Fantasy",30/05/2017,7.2,5020,"dc comics, hero, greek mythology, island, world war i"
111,with gf,02/09/2018,sunday,4,69,Walk the Line,"Drama, Music, Romance",13/09/2005,7.3,730,"germany, prison, music record, adultery, country music"
112,with gf,11/09/2018,tuesday,4,5825,National Lampoon's Christmas Vacation,Comedy,01/12/1989,7.1,670,"holiday, boss, cigar, neighbor, christmas eve"
113,with gf,25/09/2018,tuesday,4,76341,Mad Max: Fury Road,"Action, Adventure, Science Fiction, Thriller",13/05/2015,7.3,9630,"future, chase, post-apocalyptic, dystopia, australia"
114,with gf,25/10/2018,thursday,4,813,Airplane!,Comedy,02/07/1980,7.1,1100,"chicago, alcohol, cataclysm, guitar, medicine"
115,with gf,03/02/2019,sunday,4,44826,Hugo,"Adventure, Drama, Family",22/11/2011,7,2200,"library, clock, film director, key, toy"
116,with gf,08/03/2019,friday,4,522,Ed Wood,"Comedy, Drama, History",27/09/1994,7.3,640,"individual, taxi, transsexuality, fortune teller, film business"
117,with gf,24/04/2019,wednesday,4,328387,Nerve,"Mystery, Adventure, Crime",27/07/2016,7.1,2260,"based on novel, technology, internet, hacking, teenager"
118,Alone,05/05/2018,saturday,4,300671,13 Hours: The Secret Soldiers of Benghazi,"Action, Drama, History, Thriller, War",13/01/2016,7,960,"based on novel, assault rifle, mercenary, libya, biography"
119,Alone,30/05/2018,wednesday,4,376660,The Edge of Seventeen,"Comedy, Drama",18/11/2016,7.3,950,"friendship, high school, loneliness, teen angst, coming of age"
120,Alone,25/08/2018,saturday,4,239571,The Best of Me,"Drama, Romance",16/10/2014,7.2,780,high school sweetheart
121,Alone,10/11/2018,saturday,4,161,Ocean's Eleven,"Thriller, Crime",07/12/2001,7.2,3860,"prison, pickpocket, strip club, con artist, atlantic city"
122,Alone,30/12/2018,sunday,4,8329,[REC],"Horror, Mystery",10/04/2007,7.1,950,"terror, obsession, camcorder, firemen, religion and supernatural"
123,Alone,10/02/2019,sunday,4,10112,The Aristocats,"Animation, Comedy, Family, Adventure",23/12/1970,7.1,1290,"paris, cat, butler, return, suspension"
124,Alone,05/03/2019,tuesday,4,68734,Argo,"Drama, Thriller",11/10/2012,7.1,3470,"cia, wife husband relationship, revolution, hiding place, press conference"
125,with family,09/05/2019,thursday,4,324849,The Lego Batman Movie,"Action, Animation, Comedy, Family, Fantasy",08/02/2017,7.2,1470,"superhero, based on comic, based on toy, spin off, super powers"
126,with family,21/09/2018,friday,4,24428,The Avengers,"Science Fiction, Action, Adventure",25/04/2012,7.4,12000,"new york, shield, marvel comic, superhero, based on comic"
127,with gf,18/01/2019,friday,4,11886,Robin Hood,"Animation, Family",08/11/1973,7,1160,"hero, fox, robin hood, forest, right and justice"
128,Alone,11/03/2019,monday,4,9444,Anastasia,"Animation, Family",20/11/1997,7.4,1480,"tzar, musical, russian revolution, train explosion, foreign language adaptation"
129,with gf,20/10/2018,saturday,4,9693,Children of Men,"Drama, Action, Thriller, Science Fiction",22/09/2006,7.4,2120,"police state, hippie, rebel, miracle, future"
130,with gf,13/02/2019,wednesday,4,2292,Clerks,Comedy,13/09/1994,7.4,770,"salesclerk, loser, aftercreditsstinger"
131,Alone,02/11/2018,friday,4,119450,Dawn of the Planet of the Apes,"Science Fiction, Action, Drama, Thriller",26/06/2014,7.3,4510,"leader, colony, post-apocalyptic, dystopia, forest"
132,with family,28/02/2019,thursday,4,421,The Life Aquatic with Steve Zissou,"Adventure, Comedy, Drama",10/12/2004,7.1,780,"ocean, film making, loss of mother, cynic, red cap"
133,Alone,04/01/2019,friday,4,628,Interview with the Vampire,"Horror, Romance",11/11/1994,7.2,1560,"paris, san francisco, vampire, plantation, pity"
134,Alone,29/05/2018,tuesday,4,37135,Tarzan,"Adventure, Animation, Drama, Family",18/06/1999,7.1,1720,"gorilla, baby, adoption, feral child, nest"
135,Alone,28/11/2018,wednesday,4,3580,Changeling,"Crime, Drama, Mystery",30/01/2008,7.3,1150,"corruption, mother, nudity, minister, power"
136,with gf,11/11/2018,sunday,4,4553,The Machinist,"Thriller, Drama",09/02/2004,7.3,1280,"factory, insomnia, post it, machinist, cleaning bathroom tile"
137,with gf,02/07/2018,monday,4,1372,Blood Diamond,"Drama, Thriller, Action",07/12/2006,7.4,2340,"rebel, journalist, journalism, loss of family, slavery"
138,Alone,03/10/2018,wednesday,4,3933,Corpse Bride,"Romance, Fantasy, Animation, Music",09/09/2005,7.2,1960,"shyness, england, cheating, old town, grave"
139,Alone,02/06/2018,saturday,4,8741,The Thin Red Line,"Drama, History, War",25/12/1998,7.2,790,"based on novel, japanese, world war ii, battle assignment, invasion"
140,Alone,19/04/2019,friday,4,2567,The Aviator,Drama,17/12/2004,7,1530,"ladykiller, pilot, biography, womanizer, aviation"
141,with gf,05/09/2018,wednesday,4,15472,The Girl with the Dragon Tattoo,"Drama, Thriller, Crime, Mystery",27/02/2009,7.4,1020,"rape, journalist, based on novel, bondage, island"
142,Alone,01/03/2019,friday,4,228150,Fury,"War, Drama, Action",15/10/2014,7.4,4030,"world war ii, nazis, war, nazi germany, panzer"
143,with family,10/06/2018,sunday,4,948,Halloween,"Horror, Thriller",25/10/1978,7.4,1070,"female nudity, nudity, mask, babysitter, halloween"
144,with gf,15/08/2018,wednesday,4,321741,Concussion,Drama,12/11/2015,7,840,"american football, concussion, biography, professional sports, brain damage"
145,Alone,21/09/2018,friday,4,50348,The Lincoln Lawyer,"Crime, Drama, Thriller",17/03/2011,7,920,"judge, arrest, jury, private investigator"
146,with gf,07/07/2018,saturday,4,808,Shrek,"Adventure, Animation, Comedy, Family, Fantasy",16/05/2001,7.3,4180,"magic, liberation, lordship, castle, robin hood"
147,Alone,06/05/2018,sunday,4,8374,The Boondock Saints,"Action, Thriller, Crime",22/01/1999,7.2,850,"arbitrary law, boston, twin brother, russian mafia, prologue"
148,with family,27/07/2018,friday,4,62215,Melancholia,"Drama, Science Fiction",26/05/2011,7,920,"wedding reception, power outage, destruction of planet, wedding toast"
149,with gf,15/12/2018,saturday,4,281957,The Revenant,"Western, Drama, Adventure, Thriller",25/12/2015,7.3,6560,"father son relationship, rape, based on novel, mountain, winter"
150,with gf,29/10/2018,monday,4,72113,Carnage,"Comedy, Drama",16/09/2011,7,760,"flat, mobile phone, hamster, insult, dark comedy"
151,Alone,11/11/2018,sunday,4,941,Lethal Weapon,"Adventure, Action, Comedy, Thriller, Crime",06/03/1987,7,1370,"self-destruction, los angeles, police detective, ex soldier, buddy cop"
152,Alone,28/10/2018,sunday,4,58574,Sherlock Holmes: A Game of Shadows,"Adventure, Action, Crime, Mystery",22/11/2011,7,3970,"detective inspector, steampunk, criminal mastermind"
153,with gf,10/04/2018,tuesday,4,6978,Big Trouble in Little China,"Action, Adventure, Comedy, Fantasy",30/05/1986,7.1,730,"kung fu, chinatown, magic, mystery"
154,Alone,08/12/2018,saturday,4,329865,Arrival,"Thriller, Drama, Science Fiction, Mystery",10/11/2016,7.2,5730,"spacecraft, language, loss, romance, alien"
155,with gf,28/06/2018,thursday,4,1592,Primal Fear,"Crime, Drama, Mystery, Thriller",03/04/1996,7.4,640,"corruption, bishop, court case, pornographic video, court"
156,with gf,28/02/2019,thursday,4.5,603,The Matrix,"Action, Science Fiction",30/03/1999,7.9,9080,"saving the world, artificial intelligence, man vs machine, philosophy, prophecy"
157,Alone,05/11/2018,monday,4.5,679,Aliens,"Horror, Action, Thriller, Science Fiction",18/07/1986,7.7,3280,"android, extraterrestrial technology, space marine, spaceman, cryogenics"
158,Alone,02/05/2018,wednesday,4.5,393,Kill Bill: Vol. 2,"Action, Crime, Thriller",16/04/2004,7.7,4060,"brother brother relationship, swordplay, katana, mother role, rage and hate"
159,Alone,20/10/2018,saturday,4.5,578,Jaws,"Horror, Thriller, Adventure",18/06/1975,7.5,2630,"fishing, atlantic ocean, bathing, shipwreck, police chief"
160,Alone,27/01/2019,sunday,4.5,673,Harry Potter and the Prisoner of Azkaban,"Adventure, Fantasy, Family",31/05/2004,7.7,6040,"flying, traitor, magic, cutting the cord, child hero"
161,with gf,29/04/2018,sunday,4.5,671,Harry Potter and the Philosopher's Stone,"Adventure, Fantasy, Family",16/11/2001,7.5,7190,"witch, christmas party, magic, cutting the cord, halloween"
162,with gf,16/06/2018,saturday,4.5,277216,Straight Outta Compton,"Drama, Music",13/08/2015,7.7,1380,"brother brother relationship, aids, police brutality, rap music, hip-hop"
163,with gf,09/10/2018,tuesday,4.5,525,The Blues Brothers,"Music, Comedy, Action, Crime",17/06/1980,7.5,1090,"dancing, prison, chicago, country music, nun"
164,with gf,29/11/2018,thursday,4.5,400928,Gifted,Drama,12/04/2017,7.7,550,"cat, intellectually gifted, child prodigy, mathematics, teacher"
165,with gf,26/01/2019,saturday,4.5,197,Braveheart,"Action, Drama, History, War",24/05/1995,7.7,3400,"individual, scotland, in love with enemy, legend, independence"
166,Alone,23/05/2018,wednesday,4.5,45269,The King's Speech,"Drama, History",06/09/2010,7.6,2820,"great britain, radio, monarchy, radio transmission, royal family"
167,Alone,12/08/2018,sunday,4.5,222935,The Fault in Our Stars,"Romance, Drama",16/05/2014,7.6,3870,"amsterdam, based on novel, support group, cancer, teenager"
168,Alone,28/10/2018,sunday,4.5,70,Million Dollar Baby,Drama,15/12/2004,7.7,2520,"transporter, suicide attempt, strong woman, boxer, dying and death"
169,Alone,16/01/2019,wednesday,4.5,272,Batman Begins,"Action, Crime, Drama",10/06/2005,7.5,7510,"himalaya, martial arts, dc comics, crime fighter, secret identity"
170,with gf,27/04/2018,friday,4.5,20453,3 Idiots,"Drama, Comedy, Romance",23/12/2009,7.8,850,"suicide, suicide attempt, college, friends, engineering"
171,Alone,19/12/2018,wednesday,4.5,2493,The Princess Bride,"Adventure, Family, Fantasy, Comedy, Romance",18/09/1987,7.6,1520,"swashbuckler, evil prince, reference to socrates, reference to plato, screwball"
172,Alone,28/04/2018,saturday,4.5,782,Gattaca,"Thriller, Science Fiction, Mystery, Romance",07/09/1997,7.5,1850,"paraplegic, suicide attempt, cheating, dna, spaceman"
173,Alone,06/08/2018,monday,4.5,747,Shaun of the Dead,"Horror, Comedy",09/04/2004,7.5,2480,"record collection, flower, cheese, pub, surrey"
174,Alone,20/08/2018,monday,4.5,14756,Ip Man,"Drama, Action, History",12/12/2008,7.5,1310,"foreigner, martial arts, katana, bravery, rice"
175,Alone,18/04/2019,thursday,4.5,10191,How to Train Your Dragon,"Fantasy, Adventure, Animation, Family",05/03/2010,7.5,4320,"flying, blacksmith, arena, island, night"
176,Alone,26/05/2018,saturday,4.5,334541,Manchester by the Sea,Drama,18/11/2016,7.5,1550,"sadness, boston, massachusetts, funeral, loss"
177,with gf,03/02/2019,sunday,4.5,50014,The Help,Drama,09/08/2011,7.9,1970,"mississippi, based on novel, exploitation, racial segregation, racism"
178,Alone,06/02/2019,wednesday,4.5,31011,Mr. Nobody,"Science Fiction, Drama, Romance, Fantasy",11/09/2009,7.9,1620,surrealism
179,with gf,27/01/2019,sunday,4.5,180299,The Raid 2,"Action, Crime, Thriller",27/03/2014,7.6,830,"prison, undercover, fight, police, gangster"
180,with gf,21/04/2019,sunday,4.5,396535,Train to Busan,"Action, Horror, Thriller",20/07/2016,7.7,980,"survival, korea, zombie, train, south korea"
181,with gf,03/12/2018,monday,4.5,872,Singin' in the Rain,"Comedy, Music, Romance",10/04/1952,7.9,750,"fan, morning, musical, talkie, partner"
182,with gf,26/04/2019,friday,4.5,387,Das Boot,"Action, Drama, History, War, Adventure",16/09/1981,7.9,620,"terror, submarine, based on novel, atlantic ocean, gibraltar"
183,Alone,31/08/2018,friday,4.5,348,Alien,"Horror, Action, Thriller, Science Fiction",25/05/1979,7.9,4560,"android, countdown, space marine, space suit, beheading"
184,Alone,21/04/2019,sunday,4.5,83666,Moonrise Kingdom,"Comedy, Drama, Romance",16/05/2012,7.6,1700,"new england, first love, eye patch, search party, devastation"
185,with gf,23/06/2018,saturday,4.5,1366,Rocky,Drama,21/11/1976,7.5,1840,"underdog, philadelphia, transporter, italo-american, fight"
186,with gf,19/09/2018,wednesday,4.5,164,Breakfast at Tiffany's,"Comedy, Drama, Romance",05/10/1961,7.6,1080,"loss of brother, age difference, cat, broken engagement, fire escape"
187,Alone,01/05/2018,tuesday,4.5,968,Dog Day Afternoon,"Crime, Drama, Thriller",11/08/1975,7.6,680,"bank, hostage, police, sex change, one day"
188,Alone,30/03/2018,friday,5,205596,The Imitation Game,"History, Drama, Thriller, War",14/11/2014,8,5900,"gay, england, world war ii, mathematician, biography"
189,Alone,02/03/2019,saturday,5,311,Once Upon a Time in America,"Drama, Crime",16/02/1984,8.3,1100,"life and death, corruption, street gang, rape, sadistic"
190,with family,04/10/2018,thursday,5,28,Apocalypse Now,"Drama, War",15/08/1979,8,2110,"guerrilla, river, vietnam, vietcong, cambodia"
191,with gf,12/11/2018,monday,5,19,Metropolis,"Drama, Science Fiction",10/01/1927,8,670,"man vs machine, underground world, inventor, metropolis, worker"
192,with gf,18/02/2019,monday,5,264644,Room,"Drama, Thriller",16/10/2015,8.1,2840,"based on novel, carpet, isolation, kidnapping, imprisonment"
193,Alone,27/06/2018,wednesday,5,120,The Lord of the Rings: The Fellowship of the Ring,"Adventure, Fantasy, Action",18/12/2001,8,8890,"elves, dwarves, orcs, middle-earth (tolkien), hobbit"
194,Alone,21/02/2019,thursday,5,914,The Great Dictator,Comedy,15/10/1940,8.1,760,"germany, dictator, hairdresser, amnesia, jewish ghetto"
195,with gf,01/04/2018,sunday,5,1124,The Prestige,"Drama, Mystery, Thriller",19/10/2006,8,4510,"competition, secret, obsession, magic, dying and death"
196,with gf,24/04/2018,tuesday,5,12477,Grave of the Fireflies,"Animation, Drama, War",16/04/1988,8.2,970,"japan, brother sister relationship, hunger, world war ii, shelter"
197,with gf,08/05/2018,tuesday,5,103,Taxi Driver,"Crime, Drama",07/02/1976,8.1,2630,"vietnam veteran, taxi, obsession, drug dealer, night shift"
198,with gf,07/07/2018,saturday,5,637,Life Is Beautiful,"Comedy, Drama",20/12/1997,8.3,3640,"italy, riddle, bookshop, self sacrifice, mass murder"
199,with gf,20/09/2018,thursday,5,129,Spirited Away,"Fantasy, Adventure, Animation, Family",20/07/2001,8.3,3970,"witch, parent child relationship, magic, darkness, bath house"
200,with gf,16/10/2018,tuesday,5,105,Back to the Future,"Adventure, Comedy, Science Fiction, Family",03/07/1985,8,6240,"clock tower, car race, terrorist, delorean, lightning"
201,with gf,05/01/2019,saturday,5,122,The Lord of the Rings: The Return of the King,"Adventure, Fantasy, Action",01/12/2003,8.1,8230,"elves, orcs, middle-earth (tolkien), based on novel, suspicion"
202,with gf,17/01/2019,thursday,5,335,Once Upon a Time in the West,Western,21/12/1968,8.1,1160,"showdown, bounty, bounty hunter, loss of brother, sadness"
203,with gf,18/03/2019,monday,5,157336,Interstellar,"Adventure, Drama, Science Fiction",05/11/2014,8.1,11190,"saving the world, artificial intelligence, father son relationship, single parent, nasa"
204,with gf,03/04/2019,wednesday,5,423,The Pianist,"Drama, War",24/09/2002,8.1,1930,"individual, resistance, radio station, war crimes, loss of family"
205,Alone,30/03/2018,friday,5,598,City of God,"Drama, Crime",05/02/2002,8.2,1850,"male nudity, street gang, brazilian, photographer, 1970s"
206,Alone,14/04/2018,saturday,5,111,Scarface,"Action, Crime, Drama, Thriller",08/12/1983,8,3020,"miami, corruption, capitalism, cuba, prohibition"
207,Alone,13/06/2018,wednesday,5,3082,Modern Times,"Drama, Comedy",05/02/1936,8.1,880,"factory, ambulance, invention, tramp, great depression"
208,Alone,29/07/2018,sunday,5,694,The Shining,"Horror, Thriller",22/05/1980,8.1,3890,"hotel, isolation, hotelier, colorado, maze"
209,Alone,12/10/2018,friday,5,510,One Flew Over the Cuckoo's Nest,Drama,18/11/1975,8.3,3000,"individual, rebel, self-destruction, wheelchair, lunatic asylum"
210,Alone,16/12/2018,sunday,5,27205,Inception,"Action, Thriller, Science Fiction, Mystery, Adventure",14/07/2010,8.1,14080,"loss of lover, dream, kidnapping, sleep, subconsciousness"
211,Alone,19/03/2019,tuesday,5,11,Star Wars,"Adventure, Action, Science Fiction",25/05/1977,8.1,6780,"android, galaxy, hermit, death star, lightsaber"
212,Alone,14/04/2019,sunday,5,670,Oldboy,"Drama, Thriller, Mystery, Action",01/01/2003,8,2000,"sushi restaurant, rage and hate, notebook, daughter, hostility"
213,with family,30/07/2018,monday,5,497,The Green Mile,"Fantasy, Drama, Crime",10/12/1999,8.2,4170,"southern usa, black people, mentally disabled, based on novel, heal"
214,with family,28/02/2019,thursday,5,155,The Dark Knight,"Drama, Action, Crime, Thriller",16/07/2008,8.3,12270,"dc comics, crime fighter, secret identity, scarecrow, sadism"
215,with gf,30/08/2018,thursday,5,274,The Silence of the Lambs,"Crime, Drama, Thriller",01/02/1991,8.1,4550,"based on novel, psychopath, horror, suspense, serial killer"
216,Alone,23/09/2018,sunday,5,239,Some Like It Hot,"Comedy, Romance",18/03/1959,8,840,"chicago, witness, musician, mafia, cross dressing"
217,Alone,12/02/2019,tuesday,5,500,Reservoir Dogs,"Crime, Thriller",02/09/1992,8.1,3820,"traitor, jewelry, psychopath, thief, heist"
218,with family,18/04/2018,wednesday,5,73,American History X,Drama,30/10/1998,8.2,3120,"usa, neo-nazi, prison, skinhead, brother brother relationship"
219,Alone,24/06/2018,sunday,5,389,12 Angry Men,Drama,25/03/1957,8.2,2130,"judge, jurors, sultriness, death penalty, father murder"
220,with gf,31/07/2018,tuesday,5,8587,The Lion King,"Family, Animation, Drama",23/06/1994,8,5520,"loss of parents, wild boar, uncle, shaman, redemption"
221,Alone,09/05/2018,wednesday,5,15,Citizen Kane,"Mystery, Drama",30/04/1941,8,1240,"journalist, newspaper, florida, capitalist, banker"
222,Alone,16/11/2018,friday,5,807,Se7en,"Crime, Mystery, Thriller",22/09/1995,8.1,5920,"self-fulfilling prophecy, detective, s.w.a.t., drug dealer, evisceration"
223,Alone,28/02/2019,thursday,5,244786,Whiplash,Drama,10/10/2014,8.3,4380,"jazz, obsession, conservatory, music teacher, new york city"
224,Alone,14/12/2018,friday,5,10376,The Legend of 1900,Fantasy,28/10/1998,8.1,550,"ocean, ship, pianistin, child prodigy, fondling"
225,Alone,03/07/2018,tuesday,5,120467,The Grand Budapest Hotel,"Comedy, Drama",26/02/2014,8,4640,"hotel, painting, wartime, gunfight, theft"
226,Alone,24/12/2018,monday,5,369557,Sing Street,"Romance, Drama, Music",11/03/2016,8,670,"london england, brother brother relationship, video, dublin, music video"
227,Alone,18/03/2019,monday,5,426,Vertigo,"Mystery, Romance, Thriller",09/05/1958,8,1160,"san francisco, sense of guilt, bachelor, obsession, ""love of ones life"""
228,Alone,05/02/2019,tuesday,5,1891,The Empire Strikes Back,"Adventure, Action, Science Fiction",17/05/1980,8.2,6000,"rebel, android, asteroid, space battle, snow storm"
229,with gf,14/04/2018,saturday,5,207,Dead Poets Society,Drama,02/06/1989,8.1,2790,"individual, philosophy, poetry, shakespeare, professor"
230,Alone,04/10/2018,thursday,5,240,The Godfather: Part II,"Drama, Crime",20/12/1974,8.3,3420,"italo-american, cuba, vororte, melancholy, praise"
231,with gf,12/11/2018,monday,5,550,Fight Club,Drama,15/10/1999,8.3,9680,"support group, dual identity, nihilism, rage and hate, insomnia"
232,Alone,03/05/2018,thursday,5,77338,The Intouchables,"Drama, Comedy",02/11/2011,8.2,5410,"male friendship, masseuse, friendship, aristocrat, interracial friendship"
233,Alone,07/10/2018,sunday,5,429,"The Good, the Bad and the Ugly",Western,23/12/1966,8.1,2370,"bounty hunter, refugee, gold, anti hero, gallows"
234,Alone,18/05/2018,friday,5,101,Leon: The Professional,"Thriller, Crime, Drama",14/09/1994,8.2,4290,"new york, corruption, assassin, police brutality, loss of family"
235,Alone,17/06/2018,sunday,5,567,Rear Window,"Drama, Mystery, Thriller",01/08/1954,8.2,1530,"nurse, photographer, suspicion of murder, girlfriend, neighbor"
236,Alone,02/08/2018,thursday,5,539,Psycho,"Drama, Horror, Thriller",16/06/1960,8.3,2400,"hotel, clerk, arizona, shower, rain"
237,with family,17/08/2018,friday,5,769,GoodFellas,"Drama, Crime",12/09/1990,8.2,3210,"prison, based on novel, florida, 1970s, mass murder"
238,Alone,02/06/2018,saturday,5,128,Princess Mononoke,"Adventure, Fantasy, Animation",12/07/1997,8.2,2040,"fight, wolf, iron, pan, wild boar"
239,with gf,15/08/2018,wednesday,5,935,Dr. Strangelove or: How I Learned to Stop Worrying and Love the Bomb,"Drama, Comedy, War",29/01/1964,8,1470,"usa president, general, cold war, strategic air command, nuclear missile"
240,Alone,15/03/2019,friday,5,4935,Howl's Moving Castle,"Fantasy, Animation, Adventure",19/11/2004,8.2,2050,"flying, witch, rain, castle, scarecrow"
241,with gf,24/12/2018,monday,5,1585,It's a Wonderful Life,"Drama, Family, Fantasy",20/12/1946,8,1100,"holiday, angel, based on novel, bank, suicide attempt"
242,Alone,07/05/2019,tuesday,5,331214,Band of Brothers,"Action, Drama, War",09/09/2001,8.2,720,"world war ii, u.s. army, war, paratroops, miniseries"
243,with gf,11/11/2018,sunday,5,975,Paths of Glory,"Drama, War",18/09/1957,8.2,560,"germany, france, general, patriotism, world war i"
244,Alone,07/01/2019,monday,5,121,The Lord of the Rings: The Two Towers,"Adventure, Fantasy, Action",18/12/2002,8,7640,"elves, orcs, middle-earth (tolkien), hobbit, based on novel"
245,Alone,01/08/2018,wednesday,5,185,A Clockwork Orange,"Science Fiction, Drama",18/12/1971,8,3430,"prison, street gang, rape, adolescence, sexuality"
246,with gf,02/08/2018,thursday,5,278,The Shawshank Redemption,"Drama, Crime",23/09/1994,8.5,8360,"prison, corruption, police brutality, prison cell, delinquent"
247,Alone,07/05/2019,tuesday,5,77,Memento,"Mystery, Thriller",11/10/2000,8.1,4170,"individual, insulin, tattoo, waitress, amnesia"
248,Alone,27/09/2018,thursday,5,13,Forrest Gump,"Comedy, Drama, Romance",06/07/1994,8.2,8150,"vietnam veteran, hippie, mentally disabled, running, based on novel"
