,Watched,Date,Day,Rating,Movie Title,year filmed,director,genre,key words
0,with gf,2018-03-30,friday,4.0,NestoDa jedesBilo staPa hun ako pojedesJednu krosku,29,received,mot talk,"['moram', 'sada', 'hun', 'opet', 'ici', 'odoh', 'idem', 'dan', 'km', 'nemam']"
32,Family,2018-05-07,monday,1.0,I popricatiRekla sam o cemuJa se svaki put ibraadujemKad vidimMessage,29,received,mot talk,"['moram', 'sada', 'hun', 'opet', 'ici', 'odoh', 'idem', 'dan', 'km', 'nemam']"
64,with gf,2018-06-10,sunday,4.0,Ar ju apSta cemo kako cemoJa moram usisati soratOnda imam cas u 3Od 3 do 5 me nema,29,received,mot talk,"['moram', 'sada', 'hun', 'opet', 'ici', 'odoh', 'idem', 'dan', 'km', 'nemam']"
96,with gf,2018-08-05,sunday,4.0,Moram naci rijesenjeA da to rijesenje nijeKrsenja pravila sttaniceMozda neku drugu stranicu da poglemaSta cu dobiti,29,received,mot talk,"['moram', 'sada', 'hun', 'opet', 'ici', 'odoh', 'idem', 'dan', 'km', 'nemam']"
128,with gf,2018-09-23,sunday,3.5,MozeSad me zanimaBejb odoh da jedem na brzinuOkejAko odes u medjuvremenu,29,received,mot talk,"['moram', 'sada', 'hun', 'opet', 'ici', 'odoh', 'idem', 'dan', 'km', 'nemam']"
160,with gf,2018-11-11,sunday,3.0,Je da umresTrwba ti 100 godinaTo get out of shapeNemoj trwnirati mjesecI puf,29,received,mot talk,"['moram', 'sada', 'hun', 'opet', 'ici', 'odoh', 'idem', 'dan', 'km', 'nemam']"
192,Family,2018-12-25,tuesday,3.0,Po osobiNe skupaA te iste ponude su bile i kada sam gledala prvi putJe li sada znasSto sam odustala od tog da idemo vani,29,received,mot talk,"['moram', 'sada', 'hun', 'opet', 'ici', 'odoh', 'idem', 'dan', 'km', 'nemam']"
224,with gf,2019-02-28,thursday,4.5,Well hun300 kmJe bio pohodI to u sedKada je paris fashion week,29,received,mot talk,"['moram', 'sada', 'hun', 'opet', 'ici', 'odoh', 'idem', 'dan', 'km', 'nemam']"
256,Alone,2018-03-30,friday,5.0,Da kupi cvPa evo hocu da veceramJahAaand i said noGruah,29,sent,mot talk,"['moram', 'sada', 'hun', 'opet', 'ici', 'odoh', 'idem', 'dan', 'km', 'nemam']"
288,Alone,2018-04-30,monday,4.0,ova zemlja je napravljena na laznim obecanjimado kaddok ne umre ova zajebancijakoliko moram trpitipa zaganjali smo,29,sent,mot talk,"['moram', 'sada', 'hun', 'opet', 'ici', 'odoh', 'idem', 'dan', 'km', 'nemam']"
320,Alone,2018-06-02,saturday,3.5,Who caresHunJa cu sada da izadjemPa idemo pjehe do cueHoces moci u stiklama,29,sent,mot talk,"['moram', 'sada', 'hun', 'opet', 'ici', 'odoh', 'idem', 'dan', 'km', 'nemam']"
352,Family,2018-08-04,saturday,3.0,"Hun, if ju wannaUzmi ovajJq dodam jos 200 i uzmem pixelI voil√†(happy)",29,sent,mot talk,"['moram', 'sada', 'hun', 'opet', 'ici', 'odoh', 'idem', 'dan', 'km', 'nemam']"
384,Alone,2018-09-18,tuesday,2.0,Veceras je liga prvakaTrebaju nam nachosiI guacamoleNiko se ne igraAjoj,29,sent,mot talk,"['moram', 'sada', 'hun', 'opet', 'ici', 'odoh', 'idem', 'dan', 'km', 'nemam']"
416,Alone,2018-11-05,monday,4.5,Odvrnem mjuzu i sjedem pored prozoraI radimSad me ne boliSad cu opet pritisak izmjeritiDa vidim kako je,29,sent,mot talk,"['moram', 'sada', 'hun', 'opet', 'ici', 'odoh', 'idem', 'dan', 'km', 'nemam']"
448,Alone,2018-12-28,friday,4.0,Ja moram vidjeti kakav cu bitiAha pa okReci cu mu onda pola 1 tako nekadA za zpTi se slobodno dog s drugaricama,29,sent,mot talk,"['moram', 'sada', 'hun', 'opet', 'ici', 'odoh', 'idem', 'dan', 'km', 'nemam']"
480,Alone,2019-03-02,saturday,5.0,"Ja moram naci stanicuZa aiduDa je sutra ne trazimKako grloSkroz proslo ,",29,sent,mot talk,"['moram', 'sada', 'hun', 'opet', 'ici', 'odoh', 'idem', 'dan', 'km', 'nemam']"
512,Family,2019-04-20,saturday,3.0,Tako da ne moras otkazivati drugaricamaMozemo opet biti zajednoNe moras se odvajatiZnas koja mi je pjesma u glaviTry od pink,29,sent,mot talk,"['moram', 'sada', 'hun', 'opet', 'ici', 'odoh', 'idem', 'dan', 'km', 'nemam']"
544,with gf,2018-04-10,tuesday,2.0,OkOkBebeAli ne moras zbog mene hunBoga mi,15,received,mot talk,"['mozes', 'moras', 'doci', 'mozda', 'uvijek', 'uzeti', 'preko', 'bolje', 'sama', 'naci']"
576,with gf,2018-10-27,saturday,4.0,Evo ti dusmanko jednaJelaaaZnas kako sam gladna bikaJa cu u 7 na busPa cu doci ranije,15,received,mot talk,"['mozes', 'moras', 'doci', 'mozda', 'uvijek', 'uzeti', 'preko', 'bolje', 'sama', 'naci']"
608,Alone,2018-05-02,wednesday,4.5,VaziMa okOtisao bi vjerovatno svejednoNego pitam ako ces doci da ostanemOvako cu se i vratiti s njim,15,sent,mot talk,"['mozes', 'moras', 'doci', 'mozda', 'uvijek', 'uzeti', 'preko', 'bolje', 'sama', 'naci']"
640,Alone,2018-09-16,sunday,2.0,A ne rozeSto si samo stavila samo nosql predavanjeA ne javascript?Pa mozes je modifikovati,15,sent,mot talk,"['mozes', 'moras', 'doci', 'mozda', 'uvijek', 'uzeti', 'preko', 'bolje', 'sama', 'naci']"
672,Family,2019-01-05,saturday,3.0,"Ipak nego na filmuKakav ?Pa moras teziti necemuTo je idealMogla bi def ostaviti posljedice takve, da",15,sent,mot talk,"['mozes', 'moras', 'doci', 'mozda', 'uvijek', 'uzeti', 'preko', 'bolje', 'sama', 'naci']"
704,Family,2018-10-04,thursday,5.0,;)Ti se Aida udebljaj pod hitno 2 kgAko nastavis bit ces bas smijesnaOk okA moras biti lijeoaüòäüòÄ,15,received,mot talk,"['mozes', 'moras', 'doci', 'mozda', 'uvijek', 'uzeti', 'preko', 'bolje', 'sama', 'naci']"
736,with gf,2018-10-12,friday,3.0,I tako muzikaDaaaMeni je bas krivo sto ne ides u splitSadaImam osjecak da si se bas radovao,11,received,making plans,"['sutra', 'odoh', 'ujutro', 'idemo', 'ispit', 'dan', 'mozemo', 'mozda', 'hocu', 'otici']"
768,Alone,2018-04-30,monday,2.0,100 $najjeftinija karta za bahrein iz sarejva je 430 euraDec a no?Mozemo i sutra ako hocesDinoooo,11,sent,making plans,"['sutra', 'odoh', 'ujutro', 'idemo', 'ispit', 'dan', 'mozemo', 'mozda', 'hocu', 'otici']"
800,Alone,2018-10-20,saturday,4.5,FilmSa mel gibsonim?OkDec a noImas li sutra ovaveza,11,sent,making plans,"['sutra', 'odoh', 'ujutro', 'idemo', 'ispit', 'dan', 'mozemo', 'mozda', 'hocu', 'otici']"
832,Family,2019-03-28,thursday,3.0,Jedino da pitam ranije da polazemIli dipl pomjerimHajde vidjet cu ondaAdridOd augusta,11,sent,making plans,"['sutra', 'odoh', 'ujutro', 'idemo', 'ispit', 'dan', 'mozemo', 'mozda', 'hocu', 'otici']"
864,with gf,2018-05-01,tuesday,3.0,OmgZnas kakve ta zena kolace pravi(inlove)(inlove)(inlove)(inlove)Pa daaaMajka ne da u stan da se,25,received,making plans,"['bude', 'mozda', 'opet', 'rekao', 'bolje', 'nekad', 'hoce', 'trebao', 'vrijeme', 'uvijek']"
896,with gf,2018-07-16,monday,3.5,Ali ga pitaj za 18. PrvoJe li moguceOciNekome fotosopiratiSve vrijeme,25,received,making plans,"['bude', 'mozda', 'opet', 'rekao', 'bolje', 'nekad', 'hoce', 'trebao', 'vrijeme', 'uvijek']"
928,with gf,2018-11-12,monday,5.0,NoUgasit ce mi se telefonPa da znasA laptop se ouniSmijesan je,25,received,making plans,"['bude', 'mozda', 'opet', 'rekao', 'bolje', 'nekad', 'hoce', 'trebao', 'vrijeme', 'uvijek']"
960,with gf,2019-02-18,monday,5.0,"(shy)Ja sam nesto skontalaJutrosI tako mi je smijesno biloOnaj marcelo je tebe tek upoznao i rekao ti drugu recenicu , a mozda i prvu ""ti nisi imao bas sretno djetinjstvo, a ? """,25,received,making plans,"['bude', 'mozda', 'opet', 'rekao', 'bolje', 'nekad', 'hoce', 'trebao', 'vrijeme', 'uvijek']"
992,Family,2018-04-10,tuesday,3.0,Elem fino izgleda projekatSamo se bojim da ne bude isplativoRadnim danimaVikendom ce raditi 100%Dobro mjesto,25,sent,making plans,"['bude', 'mozda', 'opet', 'rekao', 'bolje', 'nekad', 'hoce', 'trebao', 'vrijeme', 'uvijek']"
1024,Alone,2018-05-10,thursday,4.0,Jes jesPardonNije atlantKlikaI to data science,25,sent,making plans,"['bude', 'mozda', 'opet', 'rekao', 'bolje', 'nekad', 'hoce', 'trebao', 'vrijeme', 'uvijek']"
1056,Alone,2018-06-27,wednesday,5.0,Ok okkad to?Hajde cim bude lijepo vrijemeDa bacimo basketaImage,25,sent,making plans,"['bude', 'mozda', 'opet', 'rekao', 'bolje', 'nekad', 'hoce', 'trebao', 'vrijeme', 'uvijek']"
1088,Alone,2018-08-26,sunday,3.5,Hvala hahaahahNpp(heart)(heart)Ja sam radio prema jednom yt videu tijestoMsm ja sam sve na svoju ruku ali to pregledao kao guidePa sad cu vidjet,25,sent,making plans,"['bude', 'mozda', 'opet', 'rekao', 'bolje', 'nekad', 'hoce', 'trebao', 'vrijeme', 'uvijek']"
1120,Alone,2018-10-08,monday,4.0,Na neki nacinKonacno mozda vidisThat tou are hot(eek)Sto,25,sent,making plans,"['bude', 'mozda', 'opet', 'rekao', 'bolje', 'nekad', 'hoce', 'trebao', 'vrijeme', 'uvijek']"
1152,Family,2018-12-07,friday,3.0,Imam atlant praksuAko bude prezahtjevnoJesi dosao?Gdje je to ??Super,25,sent,making plans,"['bude', 'mozda', 'opet', 'rekao', 'bolje', 'nekad', 'hoce', 'trebao', 'vrijeme', 'uvijek']"
1184,Alone,2019-01-27,sunday,4.5,Nije 10/10 serija defMalo bude bolja nakon 5. EpizodeNista se ne desi bitnoAli jos uvijek nisam ubjedjenMada citam navodno da je 2.sezona puno bolja,25,sent,making plans,"['bude', 'mozda', 'opet', 'rekao', 'bolje', 'nekad', 'hoce', 'trebao', 'vrijeme', 'uvijek']"
1216,Alone,2019-03-22,friday,4.0,"NjomHej, niko nije rekao da su classyNe znamNe privlaci me bas to sto si mi sve opisalaOtegnula se utakmica",25,sent,making plans,"['bude', 'mozda', 'opet', 'rekao', 'bolje', 'nekad', 'hoce', 'trebao', 'vrijeme', 'uvijek']"
1248,Family,2018-07-09,monday,4.0,"Od 17. mozda islMislis eindhovenVidjet cemo ako stvarno bude upola jeftinije onda cemo eindhovenJer to je blize, sat vremena autom :)",25,received,making plans,"['bude', 'mozda', 'opet', 'rekao', 'bolje', 'nekad', 'hoce', 'trebao', 'vrijeme', 'uvijek']"
1280,with gf,2018-10-12,friday,3.5,OkIm outPa we dont have sexThat oftenOk ok ook,7,received,making plans,"['ok', 'puno', 'drugi', 'hoce', 'izgleda', 'mislio', 'ides', 'rekao', 'film', 'jutro']"
1312,Family,2018-06-02,saturday,3.0,Aaa ok okGdje siii tiiiiZnam znamHoces da idemo u pola 7 u cheCue,7,sent,making plans,"['ok', 'puno', 'drugi', 'hoce', 'izgleda', 'mislio', 'ides', 'rekao', 'film', 'jutro']"
1344,Alone,2018-10-12,friday,4.0,(depressed)Jel sve ok proslo?Ko ??Nisi mi nista rekaoJa sam mislio na banku,7,sent,making plans,"['ok', 'puno', 'drugi', 'hoce', 'izgleda', 'mislio', 'ides', 'rekao', 'film', 'jutro']"
1376,Alone,2019-02-21,thursday,5.0,"Ali zena je zeznulaDala joj one bijele gotovoBila se nervirala na pocetkuAli meni ok izgleda3 sestre, cehov",7,sent,making plans,"['ok', 'puno', 'drugi', 'hoce', 'izgleda', 'mislio', 'ides', 'rekao', 'film', 'jutro']"
1408,with gf,2018-04-01,sunday,5.0,DoslovnoHunNije sve na tebeTebiHello,0,received,small talk,"['sta', 'nemam', 'radis', 'radi', 'mislis', 'pojma', 'rekao', 'zna', 'kontam', 'radim']"
1440,with gf,2018-04-07,saturday,3.0,ZnamMajku tiZnaaam2 filma pregledakaJutros gledala,0,received,small talk,"['sta', 'nemam', 'radis', 'radi', 'mislis', 'pojma', 'rekao', 'zna', 'kontam', 'radim']"
1472,Family,2018-04-12,thursday,3.0,Sta mislisOtplivam i kucoPa sitoIskrenoHahaha,0,received,small talk,"['sta', 'nemam', 'radis', 'radi', 'mislis', 'pojma', 'rekao', 'zna', 'kontam', 'radim']"
1504,with gf,2018-04-17,tuesday,2.0,Gluoww zwnePa daSame sebi ovoPravimoNeke standarde,0,received,small talk,"['sta', 'nemam', 'radis', 'radi', 'mislis', 'pojma', 'rekao', 'zna', 'kontam', 'radim']"
1536,with gf,2018-04-24,tuesday,5.0,Sto nema zubeeePa jesi ti znaoThaaaZakucat ces finalnjSrela sam alena,0,received,small talk,"['sta', 'nemam', 'radis', 'radi', 'mislis', 'pojma', 'rekao', 'zna', 'kontam', 'radim']"
1568,with gf,2018-04-29,sunday,4.5,Ovaj zenski glasSto pjevaPa to ti kazemTo mi je dobroHahahah,0,received,small talk,"['sta', 'nemam', 'radis', 'radi', 'mislis', 'pojma', 'rekao', 'zna', 'kontam', 'radim']"
1600,with gf,2018-05-08,tuesday,5.0,Sta si iradio?WtfffdMama nasla zekuBijelog,0,received,small talk,"['sta', 'nemam', 'radis', 'radi', 'mislis', 'pojma', 'rekao', 'zna', 'kontam', 'radim']"
1632,Family,2018-05-14,monday,1.0,DaSamo imeTjAirbnbTo je jedino sto nam treba,0,received,small talk,"['sta', 'nemam', 'radis', 'radi', 'mislis', 'pojma', 'rekao', 'zna', 'kontam', 'radim']"
1664,with gf,2018-05-21,monday,3.5,And i didnt knooowOkejEvo fedja je pitaoHunWe need to send him a message,0,received,small talk,"['sta', 'nemam', 'radis', 'radi', 'mislis', 'pojma', 'rekao', 'zna', 'kontam', 'radim']"
1696,with gf,2018-05-28,monday,2.0,DatiNovog tutoraZa casove koji su ostali:)To je to,0,received,small talk,"['sta', 'nemam', 'radis', 'radi', 'mislis', 'pojma', 'rekao', 'zna', 'kontam', 'radim']"
1728,with gf,2018-06-06,wednesday,4.0,I vuklaKlizalaOnoVjezba za pupiPupu,0,received,small talk,"['sta', 'nemam', 'radis', 'radi', 'mislis', 'pojma', 'rekao', 'zna', 'kontam', 'radim']"
1760,with gf,2018-06-16,saturday,4.5,Nije rekaoEto pitala samJoj majkoNemam pojmaSyvarno,0,received,small talk,"['sta', 'nemam', 'radis', 'radi', 'mislis', 'pojma', 'rekao', 'zna', 'kontam', 'radim']"
1792,Family,2018-07-01,sunday,3.0,HahaNe znamNestoNoNikog!,0,received,small talk,"['sta', 'nemam', 'radis', 'radi', 'mislis', 'pojma', 'rekao', 'zna', 'kontam', 'radim']"
1824,with gf,2018-07-07,saturday,5.0,Kako se zovuKao kombiPlatis 20 euraI on te odbaciIma ime to,0,received,small talk,"['sta', 'nemam', 'radis', 'radi', 'mislis', 'pojma', 'rekao', 'zna', 'kontam', 'radim']"
1856,with gf,2018-07-16,monday,3.5,StoIma u bbiIkaaaDaIma,0,received,small talk,"['sta', 'nemam', 'radis', 'radi', 'mislis', 'pojma', 'rekao', 'zna', 'kontam', 'radim']"
1888,with gf,2018-08-03,friday,2.0,Neki drugiHajmo gledatiNoJu prettyFace,0,received,small talk,"['sta', 'nemam', 'radis', 'radi', 'mislis', 'pojma', 'rekao', 'zna', 'kontam', 'radim']"
1920,with gf,2018-08-11,saturday,3.0,"Forgeet iitImam 65 $ na racunu, je li ti mrsko da prebacis toIli da cekamSvojuuuKarticu",0,received,small talk,"['sta', 'nemam', 'radis', 'radi', 'mislis', 'pojma', 'rekao', 'zna', 'kontam', 'radim']"
1952,Family,2018-08-23,thursday,3.0,Pa uletiJer zivim u mahaliOmg deliverd mu,0,received,small talk,"['sta', 'nemam', 'radis', 'radi', 'mislis', 'pojma', 'rekao', 'zna', 'kontam', 'radim']"
1984,with gf,2018-09-02,sunday,4.0,"Mal, debeoOvo je najgluplji kraljIkadSta mu zeneUradise",0,received,small talk,"['sta', 'nemam', 'radis', 'radi', 'mislis', 'pojma', 'rekao', 'zna', 'kontam', 'radim']"
2016,with gf,2018-09-11,tuesday,4.0,KonverzacijaNije ugodno uopsteNajbolji plan do sadSto sam culaSutra cu uplatiti movac,0,received,small talk,"['sta', 'nemam', 'radis', 'radi', 'mislis', 'pojma', 'rekao', 'zna', 'kontam', 'radim']"
2048,with gf,2018-09-20,thursday,5.0,SuperOkejSta cu se raspitatiNazvay cu jeA ti ces mi dati broj,0,received,small talk,"['sta', 'nemam', 'radis', 'radi', 'mislis', 'pojma', 'rekao', 'zna', 'kontam', 'radim']"
2080,with gf,2018-09-25,tuesday,4.0,Znas kako sam supwr zenu dobilaIma 45 godinaObrazovanaI wow jePtica 5 jezika,0,received,small talk,"['sta', 'nemam', 'radis', 'radi', 'mislis', 'pojma', 'rekao', 'zna', 'kontam', 'radim']"
2112,Family,2018-10-02,tuesday,3.0,EnergijeIzviniteMooooliiimWhaaaatOkii juu mister,0,received,small talk,"['sta', 'nemam', 'radis', 'radi', 'mislis', 'pojma', 'rekao', 'zna', 'kontam', 'radim']"
2144,with gf,2018-10-09,tuesday,4.5,Ju like ?https://www.booking.com/hotel/ba/villa-aba.en-gb.html?aid=376363;label=booking-name-MAwwjickQVoQNs4vmbOhyQSM67284973878%3Apl%3Ata%3Ap1%3Ap21%2C857%2C000%3Aac%3Aap1t1%3Aneg%3Afi%3Atiaud-294080460666%3Akwd-65526620%3Alp20079%3Ali%3Adem%3Adm;sid=d978570577382b6be64c9c2cd3b58b8f;cdist=0.7%20km;checkin=2018-10-29;checkout=2018-10-30;dest_id=-94996;dest_type=city;dist=0;group_adults=2;hapos=56;highlighted_blocks=349362602_117583432_3_0_0;m_occ=2;matching_block_id=349362602_117583432_3_0_0;nflt=ht_id%3D201%3B;room1=A%2CA;sb_price_type=total;sr_order=price_for_two;srepoch=1539116954;srpvid=8468900c77f901fd;type=total;ucfs=1&Monday29Vec pon,0,received,small talk,"['sta', 'nemam', 'radis', 'radi', 'mislis', 'pojma', 'rekao', 'zna', 'kontam', 'radim']"
2176,with gf,2018-10-16,tuesday,5.0,Nasla sam u crnoj bojiI kupila ihHunAko ti se ne svidjajuSta cu ja,0,received,small talk,"['sta', 'nemam', 'radis', 'radi', 'mislis', 'pojma', 'rekao', 'zna', 'kontam', 'radim']"
2208,with gf,2018-10-25,thursday,4.0,HahahahahahahahahahaAj lajk ninicaMoja je goraBelive meMoze,0,received,small talk,"['sta', 'nemam', 'radis', 'radi', 'mislis', 'pojma', 'rekao', 'zna', 'kontam', 'radim']"
2240,with gf,2018-11-05,monday,3.5,ProvjerIi zeljezoHoces da te pokupim oko 7 samo da prosetamoMaloDa izadjes na zrak,0,received,small talk,"['sta', 'nemam', 'radis', 'radi', 'mislis', 'pojma', 'rekao', 'zna', 'kontam', 'radim']"
2272,Family,2018-11-13,tuesday,3.0,Ali u njenu odbranuKrivi su biliDijasporciIz australijeSoviii,0,received,small talk,"['sta', 'nemam', 'radis', 'radi', 'mislis', 'pojma', 'rekao', 'zna', 'kontam', 'radim']"
2304,with gf,2018-11-19,monday,2.0,Nema hljebaIm gonna cryTi si na sastankuJu dont careKakoje bilo,0,received,small talk,"['sta', 'nemam', 'radis', 'radi', 'mislis', 'pojma', 'rekao', 'zna', 'kontam', 'radim']"
2336,with gf,2018-11-29,thursday,4.5,MedihaNe mecaZbog mirze ?https://youtu.be/z4PKzz81m5cSo good,0,received,small talk,"['sta', 'nemam', 'radis', 'radi', 'mislis', 'pojma', 'rekao', 'zna', 'kontam', 'radim']"
2368,with gf,2018-12-08,saturday,2.0,NoooOtidji na carsijuSve je okejSvoj planA ja cu iskorostiti ovo,0,received,small talk,"['sta', 'nemam', 'radis', 'radi', 'mislis', 'pojma', 'rekao', 'zna', 'kontam', 'radim']"
2400,with gf,2018-12-16,sunday,3.0,DaHahahaOtkud to sadOokHahah,0,received,small talk,"['sta', 'nemam', 'radis', 'radi', 'mislis', 'pojma', 'rekao', 'zna', 'kontam', 'radim']"
2432,Family,2018-12-26,wednesday,3.0,C vitamiinOmgIma jedna ribica u meksokuSta joj god odsjecesNaraaste joj,0,received,small talk,"['sta', 'nemam', 'radis', 'radi', 'mislis', 'pojma', 'rekao', 'zna', 'kontam', 'radim']"
2464,with gf,2019-01-05,saturday,5.0,Prijateljice 0 bodovaStvarnoJa se jos najmanjeDruzimS lamijim,0,received,small talk,"['sta', 'nemam', 'radis', 'radi', 'mislis', 'pojma', 'rekao', 'zna', 'kontam', 'radim']"
2496,with gf,2019-01-17,thursday,5.0,Ti pocinje toPolako hunImaj veseo izraz licaAa okDa?,0,received,small talk,"['sta', 'nemam', 'radis', 'radi', 'mislis', 'pojma', 'rekao', 'zna', 'kontam', 'radim']"
2528,with gf,2019-01-26,saturday,4.5,I sposobneI doNije bitno kako izgledasDobsr smisao za humorIm done,0,received,small talk,"['sta', 'nemam', 'radis', 'radi', 'mislis', 'pojma', 'rekao', 'zna', 'kontam', 'radim']"
2560,with gf,2019-02-03,sunday,4.0,(surprised)HajdeCemo sta ce doktor reciVidjetI bolova,0,received,small talk,"['sta', 'nemam', 'radis', 'radi', 'mislis', 'pojma', 'rekao', 'zna', 'kontam', 'radim']"
2592,Family,2019-02-08,friday,3.0,Legla:)Upalit cu sad aebi neki filmI zaspatiMada mi se jedu pahuljice,0,received,small talk,"['sta', 'nemam', 'radis', 'radi', 'mislis', 'pojma', 'rekao', 'zna', 'kontam', 'radim']"
2624,with gf,2019-02-19,tuesday,3.5,I kiseli krastavciKiseli krastavciMe buneGdje gledas faxoveMislila san koje,0,received,small talk,"['sta', 'nemam', 'radis', 'radi', 'mislis', 'pojma', 'rekao', 'zna', 'kontam', 'radim']"
2656,with gf,2019-02-26,tuesday,2.0,I evo sad opetPijem d vitaminU ibliku kapsulaRiblje uljeJe ti,0,received,small talk,"['sta', 'nemam', 'radis', 'radi', 'mislis', 'pojma', 'rekao', 'zna', 'kontam', 'radim']"
2688,with gf,2019-03-08,friday,4.0,Svr redom?HahaKoji je boljiTaj ili onaj u zg,0,received,small talk,"['sta', 'nemam', 'radis', 'radi', 'mislis', 'pojma', 'rekao', 'zna', 'kontam', 'radim']"
2720,with gf,2019-03-18,monday,5.0,Pa daJer ako ja otlazemNistaAk8nonaBudem ope5,0,received,small talk,"['sta', 'nemam', 'radis', 'radi', 'mislis', 'pojma', 'rekao', 'zna', 'kontam', 'radim']"
2752,Family,2019-03-26,tuesday,3.0,I ja je naravnoOdmah reklaKad su se poc3li smijatiKao pa naravnoVildana,0,received,small talk,"['sta', 'nemam', 'radis', 'radi', 'mislis', 'pojma', 'rekao', 'zna', 'kontam', 'radim']"
2784,with gf,2019-04-03,wednesday,5.0,Ne dopada mi se onVidi gaJao sadStari bond(shy),0,received,small talk,"['sta', 'nemam', 'radis', 'radi', 'mislis', 'pojma', 'rekao', 'zna', 'kontam', 'radim']"
2816,with gf,2019-04-14,sunday,3.5,Ne toNecu da spoilam sebi na instaSerijuPa ne ulazimEpitpduu,0,received,small talk,"['sta', 'nemam', 'radis', 'radi', 'mislis', 'pojma', 'rekao', 'zna', 'kontam', 'radim']"
2848,with gf,2019-04-24,wednesday,4.0,Aj nou aj nouJa samo ne znamZasto ti svoje stvariOstav√∂jasPo svijetu,0,received,small talk,"['sta', 'nemam', 'radis', 'radi', 'mislis', 'pojma', 'rekao', 'zna', 'kontam', 'radim']"
2880,Alone,2018-03-30,friday,5.0,HahaJeeesWe gooooHunDress what you like,0,sent,small talk,"['sta', 'nemam', 'radis', 'radi', 'mislis', 'pojma', 'rekao', 'zna', 'kontam', 'radim']"
2912,Family,2018-04-08,sunday,3.0,Blize vratima znaci(mwah)Love youCujemo se vcrsZnaci vrata samo gurnes donja,0,sent,small talk,"['sta', 'nemam', 'radis', 'radi', 'mislis', 'pojma', 'rekao', 'zna', 'kontam', 'radim']"
2944,Alone,2018-04-14,saturday,5.0,Pa sta ja znamJa navikao na velike skripteDo 7 poglavlja?I 7 poglavljeOk,0,sent,small talk,"['sta', 'nemam', 'radis', 'radi', 'mislis', 'pojma', 'rekao', 'zna', 'kontam', 'radim']"
2976,Alone,2018-04-21,saturday,3.0,JegeruIli onom u domu mladih knightuTi ces da jumpasBit ce mrakTo je atomsko skloniste pobogu,0,sent,small talk,"['sta', 'nemam', 'radis', 'radi', 'mislis', 'pojma', 'rekao', 'zna', 'kontam', 'radim']"
3008,Alone,2018-04-28,saturday,3.5,prodaja je do 16 majapise limited timemozda poslije praznika na sastankuda se doghttps://www.wearedevelopers.com/congress/https://www.wearedevelopers.com/congress/,0,sent,small talk,"['sta', 'nemam', 'radis', 'radi', 'mislis', 'pojma', 'rekao', 'zna', 'kontam', 'radim']"
3040,Alone,2018-05-05,saturday,4.0,Jel?Gdje ceno mi?Gdje ti se ide?Ma hajdeIli cemo setati,0,sent,small talk,"['sta', 'nemam', 'radis', 'radi', 'mislis', 'pojma', 'rekao', 'zna', 'kontam', 'radim']"
3072,Family,2018-05-13,sunday,3.0,Medini da se javim?Sta radis?Joj berinaNe pokusavam te prevariti,0,sent,small talk,"['sta', 'nemam', 'radis', 'radi', 'mislis', 'pojma', 'rekao', 'zna', 'kontam', 'radim']"
3104,Alone,2018-05-23,wednesday,4.5,Gledaj olujeNisamEvo sad cuOtisaoDajdza mi se javio,0,sent,small talk,"['sta', 'nemam', 'radis', 'radi', 'mislis', 'pojma', 'rekao', 'zna', 'kontam', 'radim']"
3136,Alone,2018-05-30,wednesday,4.0,pa falilo joj je,0,sent,small talk,"['sta', 'nemam', 'radis', 'radi', 'mislis', 'pojma', 'rekao', 'zna', 'kontam', 'radim']"
3168,Alone,2018-06-13,wednesday,5.0,(shy)Kakav je amsterdam mamaaaaaYesImageOvo je stara,0,sent,small talk,"['sta', 'nemam', 'radis', 'radi', 'mislis', 'pojma', 'rekao', 'zna', 'kontam', 'radim']"
3200,Alone,2018-06-25,monday,3.5,Ja mislio da ti pokazem sta sam kupio svimaMorat cu ti slikama sadZivot viseg sloja drustva....Pa sta se stidisNisam nista lose rekao,0,sent,small talk,"['sta', 'nemam', 'radis', 'radi', 'mislis', 'pojma', 'rekao', 'zna', 'kontam', 'radim']"
3232,Family,2018-07-07,saturday,1.0,Bakir za rusePa bakir je elhamdulilah ekipaMa naopako beeNaopako drustvoJup,0,sent,small talk,"['sta', 'nemam', 'radis', 'radi', 'mislis', 'pojma', 'rekao', 'zna', 'kontam', 'radim']"
3264,Alone,2018-07-29,sunday,5.0,Otkud onoOniKo da tebe slusajuPa nema gaSamo je teaser,0,sent,small talk,"['sta', 'nemam', 'radis', 'radi', 'mislis', 'pojma', 'rekao', 'zna', 'kontam', 'radim']"
3296,Alone,2018-08-12,sunday,4.5,Whadaya doing?Pa ionako si reklq da je shitMuchaA ona kutcha?Mucha u kutchi?,0,sent,small talk,"['sta', 'nemam', 'radis', 'radi', 'mislis', 'pojma', 'rekao', 'zna', 'kontam', 'radim']"
3328,Alone,2018-08-25,saturday,4.0,PolakoAmire pazi ledja(wink2)Mislim da je ljulja za bebu i onaj kao stolicAAAAAAAAAAAA,0,sent,small talk,"['sta', 'nemam', 'radis', 'radi', 'mislis', 'pojma', 'rekao', 'zna', 'kontam', 'radim']"
3360,Alone,2018-09-07,friday,2.0,Oni pocinju piti u 6Pa ti vidiEvo sta ces da radis u petak navecerPocinju piti u 6Pa ti vidi,0,sent,small talk,"['sta', 'nemam', 'radis', 'radi', 'mislis', 'pojma', 'rekao', 'zna', 'kontam', 'radim']"
3392,Family,2018-09-20,thursday,3.0,Ahhahahahahahahah,0,sent,small talk,"['sta', 'nemam', 'radis', 'radi', 'mislis', 'pojma', 'rekao', 'zna', 'kontam', 'radim']"
3424,Alone,2018-10-01,monday,3.0,Al hajdMozda grijesim(happy)Haha okOk,0,sent,small talk,"['sta', 'nemam', 'radis', 'radi', 'mislis', 'pojma', 'rekao', 'zna', 'kontam', 'radim']"
3456,Alone,2018-10-12,friday,5.0,Fina curaUzornaNe plese na mahi mahi mahinalnoMa veci gradVise izbora,0,sent,small talk,"['sta', 'nemam', 'radis', 'radi', 'mislis', 'pojma', 'rekao', 'zna', 'kontam', 'radim']"
3488,Alone,2018-10-28,sunday,4.5,Jes but ju pritiBussines quotes googleDec not businessTako jehttps://goo.gl/images/jBShhc,0,sent,small talk,"['sta', 'nemam', 'radis', 'radi', 'mislis', 'pojma', 'rekao', 'zna', 'kontam', 'radim']"
3520,Alone,2018-11-10,saturday,4.0,Morao sam im govoriti sta sve imaOni pojma nemajuJa dva doktora kompjuterskih nauka koji manje pojma imaju o tehnologiji nisam vidio6Haha,0,sent,small talk,"['sta', 'nemam', 'radis', 'radi', 'mislis', 'pojma', 'rekao', 'zna', 'kontam', 'radim']"
3552,Family,2018-11-18,sunday,3.0,Provalila me jeeeeeeAjm soryPisao review za knjiguJeeeeesaaaaaamSta si nam ovo naslaaa,0,sent,small talk,"['sta', 'nemam', 'radis', 'radi', 'mislis', 'pojma', 'rekao', 'zna', 'kontam', 'radim']"
3584,Alone,2018-12-05,wednesday,3.5,Skontojesi poslusala vikend pjesmu,0,sent,small talk,"['sta', 'nemam', 'radis', 'radi', 'mislis', 'pojma', 'rekao', 'zna', 'kontam', 'radim']"
3616,Alone,2018-12-16,sunday,5.0,HunHunHunHunHun,0,sent,small talk,"['sta', 'nemam', 'radis', 'radi', 'mislis', 'pojma', 'rekao', 'zna', 'kontam', 'radim']"
3648,Alone,2018-12-30,sunday,4.0,Koji ?Sta si ti izabrakaOdnosno viA o cemu seradi uopatePa ne zvuci bas kao djeciji film,0,sent,small talk,"['sta', 'nemam', 'radis', 'radi', 'mislis', 'pojma', 'rekao', 'zna', 'kontam', 'radim']"
3680,Alone,2019-01-16,wednesday,4.5,Nadjem 50 knjiga,0,sent,small talk,"['sta', 'nemam', 'radis', 'radi', 'mislis', 'pojma', 'rekao', 'zna', 'kontam', 'radim']"
3712,Family,2019-01-27,sunday,3.0,Sta su mi govorile ?Fak juGlava me boliPoslije intervjuaOk ?,0,sent,small talk,"['sta', 'nemam', 'radis', 'radi', 'mislis', 'pojma', 'rekao', 'zna', 'kontam', 'radim']"
3744,Alone,2019-02-10,sunday,4.0,Opet:(Crko laptopJest nas nasamarilaHun,0,sent,small talk,"['sta', 'nemam', 'radis', 'radi', 'mislis', 'pojma', 'rekao', 'zna', 'kontam', 'radim']"
3776,Alone,2019-02-23,saturday,3.5,UzasSvi izgore...UzasPa uzas,0,sent,small talk,"['sta', 'nemam', 'radis', 'radi', 'mislis', 'pojma', 'rekao', 'zna', 'kontam', 'radim']"
3808,Alone,2019-03-05,tuesday,4.0,JeeesLegi legiHmmPa hajdeOptimalno je,0,sent,small talk,"['sta', 'nemam', 'radis', 'radi', 'mislis', 'pojma', 'rekao', 'zna', 'kontam', 'radim']"
3840,Alone,2019-03-19,tuesday,5.0,Evo me svratio do njegaDa vidim sta je toVidjet cuhttps://www.google.com/amp/gotemcoach.com/post/44739341040/work-ethic-a-story-about-kobe-bryant-as-told-by/ampEh,0,sent,small talk,"['sta', 'nemam', 'radis', 'radi', 'mislis', 'pojma', 'rekao', 'zna', 'kontam', 'radim']"
3872,Family,2019-03-31,sunday,3.0,A ja gledamOvo je iz te emisijeHunNoDec a good d,0,sent,small talk,"['sta', 'nemam', 'radis', 'radi', 'mislis', 'pojma', 'rekao', 'zna', 'kontam', 'radim']"
3904,Alone,2019-04-14,sunday,5.0,https://www.youtube.com/watch?v=GOm6ycoSGKA&feature=shareBas tugahttps://www.youtube.com/watch?v=JZx887udEnMKratkoPrije epizode,0,sent,small talk,"['sta', 'nemam', 'radis', 'radi', 'mislis', 'pojma', 'rekao', 'zna', 'kontam', 'radim']"
3936,Alone,2019-04-29,monday,3.0,Povecavam brightnes bukvalnoDobar pocetakDobar pocetakAhaArya,0,sent,small talk,"['sta', 'nemam', 'radis', 'radi', 'mislis', 'pojma', 'rekao', 'zna', 'kontam', 'radim']"
3968,Family,2018-05-12,saturday,3.5,NastupPortugalski,0,received,small talk,"['sta', 'nemam', 'radis', 'radi', 'mislis', 'pojma', 'rekao', 'zna', 'kontam', 'radim']"
4000,Family,2018-07-30,monday,5.0,A meni se znate rugati :P,0,received,small talk,"['sta', 'nemam', 'radis', 'radi', 'mislis', 'pojma', 'rekao', 'zna', 'kontam', 'radim']"
4032,Family,2018-10-28,sunday,3.0,A jesi mi ono govorila boze sacuvaj sto to cizme pokazujem :PMa nisam bas su superKakve su ti farmerkeObicne crneAli su fin kroj,0,received,small talk,"['sta', 'nemam', 'radis', 'radi', 'mislis', 'pojma', 'rekao', 'zna', 'kontam', 'radim']"
4064,Family,2019-02-28,thursday,5.0,Pa polakoOvo mjesecna namiraHocemo:),0,received,small talk,"['sta', 'nemam', 'radis', 'radi', 'mislis', 'pojma', 'rekao', 'zna', 'kontam', 'radim']"
4096,Family,2019-05-09,thursday,4.0,Al i bez njih je pametanü§ìOnda je nageta glavaAjojüòù,0,received,small talk,"['sta', 'nemam', 'radis', 'radi', 'mislis', 'pojma', 'rekao', 'zna', 'kontam', 'radim']"
4128,with gf,2019-01-14,monday,2.0,Pa nekomee je lodjendaaanI ne daj boze da se prodalo ubila bih seDokle si sa meilomJesi poslao aidiDobro si ovo sastavio,13,received,confirmation,"['super', 'film', 'izgleda', 'fino', 'vrijeme', 'hvala', 'dobar', 'opet', 'moras', 'rekao']"
4160,Alone,2018-08-24,friday,3.5,"Al moramo kao otici u splitTako da...neodredjeno, kao i uvijekMa skontao sam stvarnoDa trebam svoj fazon raditiA ostalo ako se uklopi super",13,sent,confirmation,"['super', 'film', 'izgleda', 'fino', 'vrijeme', 'hvala', 'dobar', 'opet', 'moras', 'rekao']"
4192,Family,2019-03-02,saturday,3.0,Daj joj kekinoOnoMa bio sam s aidomDanas smo uzeli motorne skutereSvee smo presli,13,sent,confirmation,"['super', 'film', 'izgleda', 'fino', 'vrijeme', 'hvala', 'dobar', 'opet', 'moras', 'rekao']"
4224,Family,2018-09-21,friday,4.0,Jutro dobro familijoJutrooo:)Kako posaoPocela da citam knjigu OSMICA Karin  NevilCini se super,13,received,confirmation,"['super', 'film', 'izgleda', 'fino', 'vrijeme', 'hvala', 'dobar', 'opet', 'moras', 'rekao']"
4256,with gf,2018-04-27,friday,4.5,Ne znam stvarnoSta hoces sad viseI kad ga budes nekom slaoBit ce opet 5 hI 60 verzija,26,received,making plans,"['hoces', 'mozemo', 'ici', 'rekao', 'film', 'odemo', 'kafu', 'vidis', 'odoh', 'sama']"
4288,with gf,2018-08-30,thursday,5.0,OmgStop itOzbiljna samMa uzasOd izraza lica,26,received,making plans,"['hoces', 'mozemo', 'ici', 'rekao', 'film', 'odemo', 'kafu', 'vidis', 'odoh', 'sama']"
4320,with gf,2019-01-18,friday,4.0,Reci miPreklameSta rsdisUtjesila bih trAli se i sama nalazim,26,received,making plans,"['hoces', 'mozemo', 'ici', 'rekao', 'film', 'odemo', 'kafu', 'vidis', 'odoh', 'sama']"
4352,Family,2018-04-08,sunday,3.0,Ako hoces mozemo ici s njimDa ne idemo s 2 autaMozemo i po tebe dociKako godAko moras ujutro ti ici,26,sent,making plans,"['hoces', 'mozemo', 'ici', 'rekao', 'film', 'odemo', 'kafu', 'vidis', 'odoh', 'sama']"
4384,Alone,2018-06-19,tuesday,2.0,Ali morat cu izgleda u pantolamaZar me neces ispratiti?(surprised)UciiiHajde kod mene ako hoces,26,sent,making plans,"['hoces', 'mozemo', 'ici', 'rekao', 'film', 'odemo', 'kafu', 'vidis', 'odoh', 'sama']"
4416,Alone,2018-09-23,sunday,5.0,Pa krajZaboravio sam dosta filma bioIts goodPa hunNe mozemo citav zivot gledati happy i fluffy stvari,26,sent,making plans,"['hoces', 'mozemo', 'ici', 'rekao', 'film', 'odemo', 'kafu', 'vidis', 'odoh', 'sama']"
4448,Alone,2018-12-19,wednesday,4.5,Pa sve nam se nesto omiceAko bidemo na savnikeMoramo otici prijeMoramo znati kakvo je stanje brateDa ne odemo za novu,26,sent,making plans,"['hoces', 'mozemo', 'ici', 'rekao', 'film', 'odemo', 'kafu', 'vidis', 'odoh', 'sama']"
4480,Alone,2019-03-11,monday,4.0,Juventus igra???Poslusaj novu id sama smithsDancing with a strangerE jebo im je majku,26,sent,making plans,"['hoces', 'mozemo', 'ici', 'rekao', 'film', 'odemo', 'kafu', 'vidis', 'odoh', 'sama']"
4512,Family,2018-04-11,wednesday,3.0,"Nike nista ppukloSta jeA gripa, to sam mozda ja kriva (shy)Pa sto te od danas boliSta se desilo",21,received,check in,"['danas', 'dan', 'radi', 'odoh', 'jutro', 'imala', 'ovdje', 'fino', 'idemo', 'vrijeme']"
4544,with gf,2018-07-10,tuesday,3.5,I pitat opetKad ode na moreHun i told youWe have 120 kmOstataka,21,received,check in,"['danas', 'dan', 'radi', 'odoh', 'jutro', 'imala', 'ovdje', 'fino', 'idemo', 'vrijeme']"
4576,with gf,2018-10-20,saturday,4.0,Dan 100 na satI sve su mi usraliImala sam isplaniran danImam jedan cas hunKod amre idem u srijedu,21,received,check in,"['danas', 'dan', 'radi', 'odoh', 'jutro', 'imala', 'ovdje', 'fino', 'idemo', 'vrijeme']"
4608,with gf,2019-02-13,wednesday,4.0,I sayPa kraj zimeeSta si odlucioMoja drugarica adna dobila posaoU prodaju,21,received,check in,"['danas', 'dan', 'radi', 'odoh', 'jutro', 'imala', 'ovdje', 'fino', 'idemo', 'vrijeme']"
4640,Alone,2018-04-28,saturday,4.5,E toJel ok?OkSok inevjericaDoslovno sam mami procitao,21,sent,check in,"['danas', 'dan', 'radi', 'odoh', 'jutro', 'imala', 'ovdje', 'fino', 'idemo', 'vrijeme']"
4672,Family,2018-07-19,thursday,3.0,I ja cu ti platiti skolarinu ili tako nestoZaboravio samI on ode u italijuI madje gaI s vremenom ga pocne oponasati,21,sent,check in,"['danas', 'dan', 'radi', 'odoh', 'jutro', 'imala', 'ovdje', 'fino', 'idemo', 'vrijeme']"
4704,Alone,2018-11-02,friday,4.0,Pa dobroSta imas danas da radisPa superMoj ti je savjet jedi dobro prije palacinakaPa onda ako ti se jos budu jeli,21,sent,check in,"['danas', 'dan', 'radi', 'odoh', 'jutro', 'imala', 'ovdje', 'fino', 'idemo', 'vrijeme']"
4736,Alone,2019-02-12,tuesday,5.0,*ja ne znam javuStiglooGrade b???Pa iznad 200 je c2Hoces li u grad danas ?,21,sent,check in,"['danas', 'dan', 'radi', 'odoh', 'jutro', 'imala', 'ovdje', 'fino', 'idemo', 'vrijeme']"
4768,Family,2018-04-18,wednesday,5.0,Gutljak kafe i durum :)I sad sam okSkontala sam da danas nikako nisam caj pilaNi poslije ruckaVjerovatno mi je i to oboeilo,21,received,check in,"['danas', 'dan', 'radi', 'odoh', 'jutro', 'imala', 'ovdje', 'fino', 'idemo', 'vrijeme']"
4800,Family,2019-02-28,thursday,4.0,Mozes li spavati je li ti napornoJutrooo üåûJutro jutro jos danas i jaPa nije lose. Bolje ces spavati u Parizu ;)Nije lose,21,received,check in,"['danas', 'dan', 'radi', 'odoh', 'jutro', 'imala', 'ovdje', 'fino', 'idemo', 'vrijeme']"
4832,Family,2018-12-25,tuesday,1.0,Cek hunJr li subotaDugmeNasla filmJao majko kako izgleda,14,received,small talk,"['dobro', 'jutro', 'izgleda', 'dan', 'hun', 'mozda', 'fino', 'prvi', 'bolje', 'dobar']"
4864,Alone,2018-06-24,sunday,5.0,Je fol sva od solarnih panelaI dobro izgleda uzivoPa napaja se prijeU pola 6Stanica nam je ispred stana i treba 25 min do aerodroma,14,sent,small talk,"['dobro', 'jutro', 'izgleda', 'dan', 'hun', 'mozda', 'fino', 'prvi', 'bolje', 'dobar']"
4896,Alone,2019-01-29,tuesday,2.0,svi us doslii hrvati i bosanci i srbibio red carpetevo sad pocinje ceremonijastvarno izgleda wow,14,sent,small talk,"['dobro', 'jutro', 'izgleda', 'dan', 'hun', 'mozda', 'fino', 'prvi', 'bolje', 'dobar']"
4928,Family,2018-10-25,thursday,3.5,Jutro radni narode üòÅDobro jutro i tebiImam mobitelSuper :)Aaa frizureee üòªüòªüòª,14,received,small talk,"['dobro', 'jutro', 'izgleda', 'dan', 'hun', 'mozda', 'fino', 'prvi', 'bolje', 'dobar']"
4960,with gf,2018-07-31,tuesday,5.0,DaaaJa kod lamijeMogu uplatitiJesamEvo mee,6,received,making plans,"['kod', 'mozda', 'idem', 'tamo', 'ovdje', 'dosla', 'idemo', 'doci', 'mozemo', 'ici']"
4992,Family,2019-02-28,thursday,3.0,NowGdje steHun o tome cemo kada dodjes kod aideI ne budes imao sta da radisHaha,6,received,making plans,"['kod', 'mozda', 'idem', 'tamo', 'ovdje', 'dosla', 'idemo', 'doci', 'mozemo', 'ici']"
5024,Alone,2018-08-06,monday,4.5,Thank you hunBut no thank youSve bi to on sredioSpavao bih kod njih u njihovoj kuciAl glupo mi da idem samo zbog tog,6,sent,making plans,"['kod', 'mozda', 'idem', 'tamo', 'ovdje', 'dosla', 'idemo', 'doci', 'mozemo', 'ici']"
5056,Alone,2019-01-04,friday,4.0,Meni dodje da odem kod tog novog prof bankarstvaI da ga pitam da neki projekat uradimZa nase bankeOvi novi prof su dobriI tarik je novi,6,sent,making plans,"['kod', 'mozda', 'idem', 'tamo', 'ovdje', 'dosla', 'idemo', 'doci', 'mozemo', 'ici']"
5088,Family,2018-08-25,saturday,2.0,Kafe pauza i kod nas. Slab internet uz more nisam slike otvorilaPregledalaFino sve:DSta vi radite?,6,received,making plans,"['kod', 'mozda', 'idem', 'tamo', 'ovdje', 'dosla', 'idemo', 'doci', 'mozemo', 'ici']"
5120,with gf,2018-08-23,thursday,3.5,MaslenicaHtjela tebi maslenocu i sebi slatuMozes mialitoTekKaze preko 20 km,23,received,small talk,"['imas', 'dan', 'km', 'radis', 'vremena', 'kakav', 'negdje', 'dobar', 'stvari', 'sada']"
5152,Family,2019-02-05,tuesday,3.0,A onaj njen bratGdje da pocnemPocet cu od brkovaSine imas 12 godinaObrij to,23,received,small talk,"['imas', 'dan', 'km', 'radis', 'vremena', 'kakav', 'negdje', 'dobar', 'stvari', 'sada']"
5184,Alone,2018-05-09,wednesday,5.0,pa ce nam vratiti parehahahdanas mail dobilijeeeeeeeespa ne sutim,23,sent,small talk,"['imas', 'dan', 'km', 'radis', 'vremena', 'kakav', 'negdje', 'dobar', 'stvari', 'sada']"
5216,Alone,2018-08-20,monday,4.5,Glavna ulica lici na rodeo driveSvi tene kupujuSad je u fazonu ono sto smo mi poslije rata nosaliOne trenerke i teneAida to zove autopijaca 90ih,23,sent,small talk,"['imas', 'dan', 'km', 'radis', 'vremena', 'kakav', 'negdje', 'dobar', 'stvari', 'sada']"
5248,Alone,2018-11-16,friday,5.0,"Pa oznaci ga cotavog i imas dole na dnu languageNa engleskom ti je vjerovatnoI vidis da su ti sve recenice spojeneFino prepraviObrati paznju na ƒá, ƒç,, ≈°",23,sent,small talk,"['imas', 'dan', 'km', 'radis', 'vremena', 'kakav', 'negdje', 'dobar', 'stvari', 'sada']"
5280,Alone,2019-02-28,thursday,5.0,UuuzaaasDosao je kerimYupAli smo negdje u industrijskoj zoniDaleko,23,sent,small talk,"['imas', 'dan', 'km', 'radis', 'vremena', 'kakav', 'negdje', 'dobar', 'stvari', 'sada']"
5312,Family,2018-05-04,friday,3.0,Mora da je plata bilaPa hajdeeFino od ledwtaI guess ?!Hodala po gradu,16,received,small talk,"['moze', 'mozda', 'jedan', 'bolje', 'gore', 'uopste', 'vidis', 'mora', 'izgleda', 'veceras']"
5344,with gf,2019-01-06,sunday,2.0,Ja ssm leglaSad sam citalaDa uopste ne gledajuToliko prosjekKada se prijavljujes za master,16,received,small talk,"['moze', 'mozda', 'jedan', 'bolje', 'gore', 'uopste', 'vidis', 'mora', 'izgleda', 'veceras']"
5376,Alone,2018-05-29,tuesday,4.0,"When thins went southMozda?Ma moze i u sadasnjem vremenuSto da neOzbiljno, dont cry",16,sent,small talk,"['moze', 'mozda', 'jedan', 'bolje', 'gore', 'uopste', 'vidis', 'mora', 'izgleda', 'veceras']"
5408,Alone,2018-12-14,friday,5.0,Ja pojma nemamDrake uzeo beat iz kanyeove pjesmeI sad ne moze je pustiti u prodaju dokga kanye ne pustiPa ga moliA on se nesto zakacio,16,sent,small talk,"['moze', 'mozda', 'jedan', 'bolje', 'gore', 'uopste', 'vidis', 'mora', 'izgleda', 'veceras']"
5440,with gf,2018-03-30,friday,2.0,NoooHahaSamo sam je gledala tuznoA ona se nasmijalaJer zna da se salim,19,received,bad news,"['ko', 'zna', 'sada', 'radi', 'fino', 'hoce', 'film', 'isto', 'rekao', 'drugi']"
5472,Family,2018-09-06,thursday,3.0,Hoce da se zeniSad zamisli meneNatu recenicu23Ide za elektricara,19,received,bad news,"['ko', 'zna', 'sada', 'radi', 'fino', 'hoce', 'film', 'isto', 'rekao', 'drugi']"
5504,with gf,2019-02-25,monday,3.5,Ko je onaDa vidimGuglalaNajsJeste,19,received,bad news,"['ko', 'zna', 'sada', 'radi', 'fino', 'hoce', 'film', 'isto', 'rekao', 'drugi']"
5536,Alone,2018-07-03,tuesday,5.0,WowBenicioooooOkZnaci benicio radi za drugi kartelJer oni hoce da bar kontrolisu ko kontrolise drogu u mexicu,19,sent,bad news,"['ko', 'zna', 'sada', 'radi', 'fino', 'hoce', 'film', 'isto', 'rekao', 'drugi']"
5568,Alone,2018-11-28,wednesday,4.0,Pa na savnikeHoceAli vareta hoce odmah nazadJer je zabranjeno pusenje osti danU skenderiji,19,sent,bad news,"['ko', 'zna', 'sada', 'radi', 'fino', 'hoce', 'film', 'isto', 'rekao', 'drugi']"
5600,Alone,2019-04-18,thursday,4.5,Aj go homeOci mi se sklapajuPa nisam ni planirao duzeI ovo je jer je ovaj francuzKuci,19,sent,bad news,"['ko', 'zna', 'sada', 'radi', 'fino', 'hoce', 'film', 'isto', 'rekao', 'drugi']"
5632,Family,2018-05-14,monday,3.0,Pa jos jedanHocuStigne menjObavijest kad dobijem mailNapredujem,1,received,making plans,"['kad', 'budes', 'javi', 'dodjem', 'put', 'budem', 'vidis', 'idemo', 'rekao', 'hocu']"
5664,with gf,2018-11-11,sunday,4.0,HahahaahahaDa li da uzmem onaaaj satKao obaj sto si mi ti kupio samo crniZa centrala abd kad krenem opetIlii na planinu kafa,1,received,making plans,"['kad', 'budes', 'javi', 'dodjem', 'put', 'budem', 'vidis', 'idemo', 'rekao', 'hocu']"
5696,with gf,2019-04-18,thursday,3.5,WhySto sadPa okiiHunTi meni javi kad sjednes,1,received,making plans,"['kad', 'budes', 'javi', 'dodjem', 'put', 'budem', 'vidis', 'idemo', 'rekao', 'hocu']"
5728,Alone,2018-05-11,friday,3.0,Ovo je HRA ovo je senior devEvo ovo ce mi biti posljednje sto cu uraditiNisam mogao propustiti kad sam procitaoDeder,1,sent,making plans,"['kad', 'budes', 'javi', 'dodjem', 'put', 'budem', 'vidis', 'idemo', 'rekao', 'hocu']"
5760,Alone,2018-08-03,friday,2.0,WooootKnjigu da citaaaReci mi kad legnesOk?Jesi alajn?,1,sent,making plans,"['kad', 'budes', 'javi', 'dodjem', 'put', 'budem', 'vidis', 'idemo', 'rekao', 'hocu']"
5792,Family,2018-10-12,friday,3.0,Sto pogineTo sam sanjao bioJoojJa to sve i zaboravioSad kad skontam,1,sent,making plans,"['kad', 'budes', 'javi', 'dodjem', 'put', 'budem', 'vidis', 'idemo', 'rekao', 'hocu']"
5824,Alone,2018-12-24,monday,5.0,I onda odgledas ovakve filmoveI budesPa kad smo 60% vremenaKuciNe mogu bas tempirati ovo raspolozenje kad smo u kaficu,1,sent,making plans,"['kad', 'budes', 'javi', 'dodjem', 'put', 'budem', 'vidis', 'idemo', 'rekao', 'hocu']"
5856,Alone,2019-03-18,monday,5.0,Kad mi javiJucer sam mu rekaoI necu da me ti vidis ovakoHtio sam da se ne brijem dok ti ne dodjesAli izgledam uzasno,1,sent,making plans,"['kad', 'budes', 'javi', 'dodjem', 'put', 'budem', 'vidis', 'idemo', 'rekao', 'hocu']"
5888,Family,2018-11-17,saturday,3.5,"Kad je Amir htio poslati video, bila opcija export as gif :D",1,received,making plans,"['kad', 'budes', 'javi', 'dodjem', 'put', 'budem', 'vidis', 'idemo', 'rekao', 'hocu']"
5920,with gf,2018-07-02,monday,4.0,Sta su misliliS njimaPa onda su ih s razlogomPobiliJe li ovaj njega siluje,3,received,postponed plans,"['onda', 'opet', 'moras', 'prvo', 'fino', 'idemo', 'kraju', 'rekla', 'dana', 'jednu']"
5952,Family,2018-12-29,saturday,3.0,I onda crnuTvoju duksuPrekoTopla jeHocu li za bordanja ljubicastu,3,received,postponed plans,"['onda', 'opet', 'moras', 'prvo', 'fino', 'idemo', 'kraju', 'rekla', 'dana', 'jednu']"
5984,Alone,2018-05-26,saturday,4.5,Pa etooooJa kad zavrsimNazovwm twAaaaaaOk onda,3,sent,postponed plans,"['onda', 'opet', 'moras', 'prvo', 'fino', 'idemo', 'kraju', 'rekla', 'dana', 'jednu']"
6016,Alone,2018-10-03,wednesday,4.0,Ukucaj judge dredd 2012 hr srtPrvi je yifi subtitlesImas croatian ides na downloadOtvoris i prebacis file na desktopI onda kliknes na ovo cc,3,sent,postponed plans,"['onda', 'opet', 'moras', 'prvo', 'fino', 'idemo', 'kraju', 'rekla', 'dana', 'jednu']"
6048,Alone,2019-02-05,tuesday,5.0,Pa vidis da je snijegBude ti lijepoZima ondaAaa ti za dolohovaOdlicna mi je muzika na kraju,3,sent,postponed plans,"['onda', 'opet', 'moras', 'prvo', 'fino', 'idemo', 'kraju', 'rekla', 'dana', 'jednu']"
6080,with gf,2018-04-14,saturday,5.0,Niej mi bornalnoOno sto ja mislim kakao ajdib gleda medinuOkej dok nesto ne izleti boljeE tako ja tebe gledamI ajdina,24,received,small talk,"['mislim', 'mozda', 'stvarno', 'film', 'bolje', 'isto', 'dana', 'moras', 'radi', 'fino']"
6112,Family,2018-07-11,wednesday,3.0,NistaNe smije me na osnovu togaBroj dvaTo broj jedanJa sam uvijek pristojno obucena bila,24,received,small talk,"['mislim', 'mozda', 'stvarno', 'film', 'bolje', 'isto', 'dana', 'moras', 'radi', 'fino']"
6144,with gf,2018-10-23,tuesday,3.0,Onog sto sam ja zamisljalaIskrenoBut still a lot ovf workJa sam zamisljala ne znamModele,24,received,small talk,"['mislim', 'mozda', 'stvarno', 'film', 'bolje', 'isto', 'dana', 'moras', 'radi', 'fino']"
6176,with gf,2019-02-03,sunday,4.5,TiiiVjeruuuj da sam ii ja htjelaaaDanaasKisa padaMood nekako,24,received,small talk,"['mislim', 'mozda', 'stvarno', 'film', 'bolje', 'isto', 'dana', 'moras', 'radi', 'fino']"
6208,Alone,2018-04-15,sunday,3.0,Ali moja je pobogu pravljena 6 satiZa prvu stranicu stvarno sam zadovoljanImageEvo ovo je njegovaA ovo je moja,24,sent,small talk,"['mislim', 'mozda', 'stvarno', 'film', 'bolje', 'isto', 'dana', 'moras', 'radi', 'fino']"
6240,Alone,2018-06-02,saturday,4.0,Pa daJa sam mislio jeans i sakoDa cesHahaAl nemaaaa vezeeeee,24,sent,small talk,"['mislim', 'mozda', 'stvarno', 'film', 'bolje', 'isto', 'dana', 'moras', 'radi', 'fino']"
6272,Family,2018-08-08,wednesday,3.0,Intesa je 10 kmJos sam dizao s njenog bankomata...Dzeste dzesteHoce ovog lijepog dana svracati u grad?,24,sent,small talk,"['mislim', 'mozda', 'stvarno', 'film', 'bolje', 'isto', 'dana', 'moras', 'radi', 'fino']"
6304,Alone,2018-10-04,thursday,5.0,AaaThe days...Pa nijeeeeeKako je dick chaney od simbolicne pozicijeBio ustvari,24,sent,small talk,"['mislim', 'mozda', 'stvarno', 'film', 'bolje', 'isto', 'dana', 'moras', 'radi', 'fino']"
6336,Alone,2018-11-30,friday,2.0,Ma ne mislim da ucis sadSadHajde laku nocHajde laku nocHej bake,24,sent,small talk,"['mislim', 'mozda', 'stvarno', 'film', 'bolje', 'isto', 'dana', 'moras', 'radi', 'fino']"
6368,Alone,2019-02-06,wednesday,4.5,Mislim da je puno primamljiviji tadaOdnosno znamCitao samHe is a slick son of a bitchPoenta je da u knjizi ne postoji nista povrsno napisano,24,sent,small talk,"['mislim', 'mozda', 'stvarno', 'film', 'bolje', 'isto', 'dana', 'moras', 'radi', 'fino']"
6400,Alone,2019-04-19,friday,4.0,TrebiralaPa jel ti bolje izaci po danu uciti navecerIli obrnuto ?Ma sto se mene ticeNe iskljucuje,24,sent,small talk,"['mislim', 'mozda', 'stvarno', 'film', 'bolje', 'isto', 'dana', 'moras', 'radi', 'fino']"
6432,Family,2018-04-16,monday,1.0,I dlanom se cuva za celoI gleda teOnoOoooj majkoooKakav jebovo outfit,28,received,making plans,"['mama', 'film', 'rekla', 'tata', 'gledam', 'radi', 'dana', 'gledamo', 'gleda', 'dosla']"
6464,with gf,2018-06-16,saturday,3.5,Kofa svi me ostavljaju da ucimZnavi 10000 putaSu me zvaliMajka na kraju dosla u sobuI zaspala,28,received,making plans,"['mama', 'film', 'rekla', 'tata', 'gledam', 'radi', 'dana', 'gledamo', 'gleda', 'dosla']"
6496,with gf,2018-09-05,wednesday,4.0,Mama bebeeTremiraaHelooMy loveeeMa zezali se,28,received,making plans,"['mama', 'film', 'rekla', 'tata', 'gledam', 'radi', 'dana', 'gledamo', 'gleda', 'dosla']"
6528,with gf,2018-11-12,monday,5.0,To kod tvoje mamaeI da moja mama zna toShe would beHmmPoslusaj,28,received,making plans,"['mama', 'film', 'rekla', 'tata', 'gledam', 'radi', 'dana', 'gledamo', 'gleda', 'dosla']"
6560,with gf,2019-01-27,sunday,4.5,A ima li zenuI djevuAjojAjm sorry hunSta mama,28,received,making plans,"['mama', 'film', 'rekla', 'tata', 'gledam', 'radi', 'dana', 'gledamo', 'gleda', 'dosla']"
6592,Family,2019-05-07,tuesday,3.0,I avataraAj miss ju,28,received,making plans,"['mama', 'film', 'rekla', 'tata', 'gledam', 'radi', 'dana', 'gledamo', 'gleda', 'dosla']"
6624,Alone,2018-05-03,thursday,5.0,Ju dont miss me?(shy)(depressed)Hun,28,sent,making plans,"['mama', 'film', 'rekla', 'tata', 'gledam', 'radi', 'dana', 'gledamo', 'gleda', 'dosla']"
6656,Alone,2018-06-30,saturday,3.5,Pa ker je svjetsko prvenstvo!!!!!!!!Jednom u 4 godinePa evoEvooooHoces da gledamo zajedno,28,sent,making plans,"['mama', 'film', 'rekla', 'tata', 'gledam', 'radi', 'dana', 'gledamo', 'gleda', 'dosla']"
6688,Alone,2018-08-19,sunday,3.0,LnKakva ti je knjiga?Ju wanna sleepNe zvucis mi razgovorljivoUpali onaj film,28,sent,making plans,"['mama', 'film', 'rekla', 'tata', 'gledam', 'radi', 'dana', 'gledamo', 'gleda', 'dosla']"
6720,Alone,2018-10-07,sunday,5.0,Interesantno veceKojiMi smo na n1HahahaI mi sad gledamo,28,sent,making plans,"['mama', 'film', 'rekla', 'tata', 'gledam', 'radi', 'dana', 'gledamo', 'gleda', 'dosla']"
6752,Family,2018-12-28,friday,3.0,BeeKad ce ti mama dociHocemo li stan gledati?Ja opwt imam temp,28,sent,making plans,"['mama', 'film', 'rekla', 'tata', 'gledam', 'radi', 'dana', 'gledamo', 'gleda', 'dosla']"
6784,Alone,2019-03-01,friday,4.0,I svaku noc se mijenjamoKerim je na erasmusuU francuskoj negdjePa je samo naletio 3 dana,28,sent,making plans,"['mama', 'film', 'rekla', 'tata', 'gledam', 'radi', 'dana', 'gledamo', 'gleda', 'dosla']"
6816,Family,2018-06-10,sunday,4.0,Cekajuci Amira da donese...üçîSetamo :)Film spavanjeKomjuter,28,received,making plans,"['mama', 'film', 'rekla', 'tata', 'gledam', 'radi', 'dana', 'gledamo', 'gleda', 'dosla']"
6848,with gf,2018-04-20,friday,3.5,Cemu taj smajliJesi ti neraspolozenNe znam ja tu jaknuHahahaAlex ti he ibezbjedio kartu,2,received,confirmation,"['znam', 'hocu', 'stvarno', 'mozda', 'nekako', 'hun', 'hoce', 'idem', 'tacno', 'nemam']"
6880,with gf,2018-08-15,wednesday,4.0,Ovo uvijek radisKad znam da sam uoravuA ti tvrglavo govorisNisi nisi nisiNije tako!!!,2,received,confirmation,"['znam', 'hocu', 'stvarno', 'mozda', 'nekako', 'hun', 'hoce', 'idem', 'tacno', 'nemam']"
6912,Family,2018-11-22,thursday,3.0,JesMa iskrenoDa znam da svirjauBlack keysIli tako nesto,2,received,confirmation,"['znam', 'hocu', 'stvarno', 'mozda', 'nekako', 'hun', 'hoce', 'idem', 'tacno', 'nemam']"
6944,with gf,2019-04-21,sunday,4.5,Alija leziNa kaucuNe znam da √∂i da odemPo onu hljinuDanas,2,received,confirmation,"['znam', 'hocu', 'stvarno', 'mozda', 'nekako', 'hun', 'hoce', 'idem', 'tacno', 'nemam']"
6976,Alone,2018-05-18,friday,5.0,ne znam kako su uspjeliod 16.sedmice ispitapomjeriti sve na 17 i 18ma nistafakultet prvo,2,sent,confirmation,"['znam', 'hocu', 'stvarno', 'mozda', 'nekako', 'hun', 'hoce', 'idem', 'tacno', 'nemam']"
7008,Alone,2018-09-21,friday,4.0,Nego ja nervozan bio ne znam stoBas se iznerviraoIzasao da se ne posvadjam kad sam zavrsioEvo legoNe znam sta mi je danas bilo,2,sent,confirmation,"['znam', 'hocu', 'stvarno', 'mozda', 'nekako', 'hun', 'hoce', 'idem', 'tacno', 'nemam']"
7040,Alone,2019-01-10,thursday,3.5,Da se ne brukam sto ne znam uciKod murgeHajde hajdeUstao samJavi mi kad bufes u blizini,2,sent,confirmation,"['znam', 'hocu', 'stvarno', 'mozda', 'nekako', 'hun', 'hoce', 'idem', 'tacno', 'nemam']"
7072,Family,2018-08-24,friday,3.0,Kad cete na plazu?Ma to samo jedan dioVidjet ces klipMa znam :)Izvinite sto sam rano zaboravila da je ovamo sat naprijed,2,received,confirmation,"['znam', 'hocu', 'stvarno', 'mozda', 'nekako', 'hun', 'hoce', 'idem', 'tacno', 'nemam']"
7104,with gf,2018-07-07,saturday,4.0,Na racunZanima me za koliko legneBas me zanimaaa kad ce leciPa dobro ali ako ujutro legneZnaci to je to,27,received,mot talk,"['koliko', 'opet', 'hun', 'toliko', 'rekao', 'dan', 'dobra', 'radis', 'vidis', 'jedan']"
7136,with gf,2018-12-03,monday,4.5,Ja sve kontam ti ucisOn hodaAjsa dobila karteeeVecerasZa led,27,received,mot talk,"['koliko', 'opet', 'hun', 'toliko', 'rekao', 'dan', 'dobra', 'radis', 'vidis', 'jedan']"
7168,with gf,2019-05-05,sunday,2.0,Tj. Vratim seNije toliko strasno biloNecu g√∂edatiGotDo sljedece sed,27,received,mot talk,"['koliko', 'opet', 'hun', 'toliko', 'rekao', 'dan', 'dobra', 'radis', 'vidis', 'jedan']"
7200,Alone,2018-06-17,sunday,5.0,Ju wanna sleep?rili??Imagepoprilicno dobra lista,27,sent,mot talk,"['koliko', 'opet', 'hun', 'toliko', 'rekao', 'dan', 'dobra', 'radis', 'vidis', 'jedan']"
7232,Family,2018-10-16,tuesday,3.0,"HunZato i zaradjujesDa bi mogla imati lijepe stvariHej, jesi ti na kraju platila godinu na faxu ili roditelji?I kakvu si reakciju izazvala?",27,sent,mot talk,"['koliko', 'opet', 'hun', 'toliko', 'rekao', 'dan', 'dobra', 'radis', 'vidis', 'jedan']"
7264,Alone,2019-02-25,monday,2.0,Koliko znam nisu nasli voditeljaAli nije u haljiniTo su siroke pantoleNego izgleda kao haljinaE jebiga onda,27,sent,mot talk,"['koliko', 'opet', 'hun', 'toliko', 'rekao', 'dan', 'dobra', 'radis', 'vidis', 'jedan']"
7296,with gf,2018-06-12,tuesday,2.0,Dont be sillyI would do thiiisOvo je se zoceErolePlasticna operacija,18,received,confirmation,"['hahajde', 'hun', 'fino', 'odoh', 'vidimo', 'bar', 'doci', 'vrijeme', 'veceras', 'dana']"
7328,with gf,2019-04-26,friday,4.5,Tako mi je fino sadHajdeeHunHajde bebeWow,18,received,confirmation,"['hahajde', 'hun', 'fino', 'odoh', 'vidimo', 'bar', 'doci', 'vrijeme', 'veceras', 'dana']"
7360,Alone,2018-08-02,thursday,5.0,"Sjeti se kad si tek central pocelaMoze se sve to popraviti, slazem se, ali sto prolaziti kroz to opetHajde izmjeri tempMa ustvari hajde sad cemo ti promjeniti ovoDa ne vucem laptop bezveze",18,sent,confirmation,"['hahajde', 'hun', 'fino', 'odoh', 'vidimo', 'bar', 'doci', 'vrijeme', 'veceras', 'dana']"
7392,Family,2018-12-25,tuesday,3.0,Hajde na kafuEvo ja idemZvao me varetaTamo u holidayA oni odose na termin,18,sent,confirmation,"['hahajde', 'hun', 'fino', 'odoh', 'vidimo', 'bar', 'doci', 'vrijeme', 'veceras', 'dana']"
7424,Family,2018-08-17,friday,5.0,Hajde samo polako ne umaraj se Aida uzivajteZnaci stigao guljacTako jeee :)Isporbat cemo gaA kako ti se kale svidjaju,18,received,confirmation,"['hahajde', 'hun', 'fino', 'odoh', 'vidimo', 'bar', 'doci', 'vrijeme', 'veceras', 'dana']"
7456,with gf,2018-11-18,sunday,3.0,I needy meNijeePa jer pijuOne drogeCim se malo izdrmaju,8,received,posponed plan,"['malo', 'odoh', 'glava', 'puno', 'stvarno', 'mozda', 'radi', 'zato', 'radim', 'bolje']"
7488,Alone,2018-05-06,sunday,4.0,Neki dobarBaziran na knjiziTako da te malo nafura(eek)Image,8,sent,posponed plan,"['malo', 'odoh', 'glava', 'puno', 'stvarno', 'mozda', 'radi', 'zato', 'radim', 'bolje']"
7520,Alone,2018-08-31,friday,4.5,Aaa jahCudan je malo imternetKoji???Onaj arhitekta,8,sent,posponed plan,"['malo', 'odoh', 'glava', 'puno', 'stvarno', 'mozda', 'radi', 'zato', 'radim', 'bolje']"
7552,Family,2019-02-01,friday,3.0,Koja zena ?Nisam ni skontaoPa zato i koristis auto najcesce u 20imDa se samo vozas okoloYup,8,sent,posponed plan,"['malo', 'odoh', 'glava', 'puno', 'stvarno', 'mozda', 'radi', 'zato', 'radim', 'bolje']"
7584,Family,2018-07-27,friday,4.0,ü§ßüò™Caja paracetamola limunaI meni se kisePa u stanu peskire vlazne poredaj na susilicuRako ces rashladiti malo,8,received,posponed plan,"['malo', 'odoh', 'glava', 'puno', 'stvarno', 'mozda', 'radi', 'zato', 'radim', 'bolje']"
7616,with gf,2018-10-16,tuesday,3.5,Ide liBeriBeriAhhahaaTako je beri,22,received,making plans,"['ide', 'nemam', 'isto', 'sada', 'dan', 'stvarno', 'uvijek', 'rekao', 'prvo', 'dobra']"
7648,Alone,2018-06-02,saturday,5.0,Ako hocesObuci ihAko neObuci teneAko ti ne idu tene s haljinom,22,sent,making plans,"['ide', 'nemam', 'isto', 'sada', 'dan', 'stvarno', 'uvijek', 'rekao', 'prvo', 'dobra']"
7680,Alone,2018-12-28,friday,2.0,Ide li iman ili ?Idemo skupa sa alenomValjdaPojma nemam stvarnoMa ja,22,sent,making plans,"['ide', 'nemam', 'isto', 'sada', 'dan', 'stvarno', 'uvijek', 'rekao', 'prvo', 'dobra']"
7712,Family,2018-04-13,friday,3.0,MorateIci doleNegdje u pizdiceIza otokeSta ako mi dodje kuci,20,received,making plans,"['pola', 'kuci', 'idem', 'sata', 'odoh', 'dodjem', 'dosao', 'opet', 'doci', 'hun']"
7744,with gf,2018-08-15,wednesday,5.0,Pa za njega(wtf)KojiiHoces u 9 da izadjemkJa idem s almom,20,received,making plans,"['pola', 'kuci', 'idem', 'sata', 'odoh', 'dodjem', 'dosao', 'opet', 'doci', 'hun']"
7776,with gf,2018-12-15,saturday,4.0,OvoGore se osjecam sadaNego prije spavanjaSta nismoHaman 2 sata,20,received,making plans,"['pola', 'kuci', 'idem', 'sata', 'odoh', 'dodjem', 'dosao', 'opet', 'doci', 'hun']"
7808,with gf,2019-04-18,thursday,3.5,Idem u citaonuNot riliKsdSe nadjemo veceradHajde,20,received,making plans,"['pola', 'kuci', 'idem', 'sata', 'odoh', 'dodjem', 'dosao', 'opet', 'doci', 'hun']"
7840,Alone,2018-07-01,sunday,2.0,HajdeAl nemoj kasnitiValjda ce biti mjestaJa tek kuci usaoJao,20,sent,making plans,"['pola', 'kuci', 'idem', 'sata', 'odoh', 'dodjem', 'dosao', 'opet', 'doci', 'hun']"
7872,Family,2018-11-20,tuesday,3.0,Kad god hocesHeppy hour je od 4 do pola 8Svaki danJu asking me??Aaaaand that is my answer,20,sent,making plans,"['pola', 'kuci', 'idem', 'sata', 'odoh', 'dodjem', 'dosao', 'opet', 'doci', 'hun']"
7904,Alone,2019-04-21,sunday,4.5,Nova ?Ne spoilajEto meeeProsao sam pored faxaOdoh kuci stvari da ostavim,20,sent,making plans,"['pola', 'kuci', 'idem', 'sata', 'odoh', 'dodjem', 'dosao', 'opet', 'doci', 'hun']"
7936,with gf,2018-06-13,wednesday,3.0,Ali ja sam toSad reklaKazu oneKako ne mozeNema to nikakve veze,4,received,small talk,"['ima', 'dobar', 'veze', 'uvijek', 'isto', 'puno', 'sada', 'ljudi', 'mozda', 'jedan']"
7968,with gf,2018-10-29,monday,4.0,Da ima gadnih scenaEm aj rajtAli je orica zanimljivaMozemoZvakuu nooc,4,received,small talk,"['ima', 'dobar', 'veze', 'uvijek', 'isto', 'puno', 'sada', 'ljudi', 'mozda', 'jedan']"
8000,with gf,2019-03-24,sunday,3.5,Bend8va za koje nisam nikad culaA yt ima bas glup algoritamPosljednje 2 godSamo izbacuje sta di vec slusaoNista novo,4,received,small talk,"['ima', 'dobar', 'veze', 'uvijek', 'isto', 'puno', 'sada', 'ljudi', 'mozda', 'jedan']"
8032,Family,2018-06-20,wednesday,1.0,"PospaniNervozniI gladniMa bezveze, samo ulica kojom smo setali maloSvega ima",4,sent,small talk,"['ima', 'dobar', 'veze', 'uvijek', 'isto', 'puno', 'sada', 'ljudi', 'mozda', 'jedan']"
8064,Alone,2018-11-11,sunday,4.0,5 km i 10.000 km presliPa nisam ima 2 godineKako ideMogu li pomoci?Pa eto,4,sent,small talk,"['ima', 'dobar', 'veze', 'uvijek', 'isto', 'puno', 'sada', 'ljudi', 'mozda', 'jedan']"
8096,Alone,2019-03-15,friday,5.0,"Sve one male sitnice sto zivot cineNisam je jos procitaoAli stvarno, kad se osvrnem, od pocetka do evo sadOva knjiga ima toliko osjecaja razlicitih, toliko dogadjaja tako precizno opisanih i tona pogodjenogNisam na ovo nikad prije naisao",4,sent,small talk,"['ima', 'dobar', 'veze', 'uvijek', 'isto', 'puno', 'sada', 'ljudi', 'mozda', 'jedan']"
8128,with gf,2018-05-21,monday,2.0,Zato mi niie ono sad zaoA citavo ljetoCemo idaljeImati stan na raspolaganjuJa vise na ovaj stan tako to gledam,17,received,small talk,"['vise', 'nikad', 'stvarno', 'vremena', 'bolje', 'uvijek', 'nemam', 'radi', 'zna', 'puno']"
8160,with gf,2018-12-24,monday,5.0,Ili ja ne vidimSta predlazesKako cemo provoditi vise kvalitetnog vremena skupaTell meJe li ti gubis interesovanje,17,received,small talk,"['vise', 'nikad', 'stvarno', 'vremena', 'bolje', 'uvijek', 'nemam', 'radi', 'zna', 'puno']"
8192,Family,2018-05-12,saturday,3.0,Ne svidja mi seBezlican refrenOna zavija previseOk hunVidi ovo,17,sent,small talk,"['vise', 'nikad', 'stvarno', 'vremena', 'bolje', 'uvijek', 'nemam', 'radi', 'zna', 'puno']"
8224,Alone,2018-10-28,sunday,4.0,AaaaNe svidja mi se ovaj nestoAj lajk itBut waitIf ju want,17,sent,small talk,"['vise', 'nikad', 'stvarno', 'vremena', 'bolje', 'uvijek', 'nemam', 'radi', 'zna', 'puno']"
8256,Alone,2019-05-07,tuesday,5.0,Nego mi krivoBezvezekako nema vise onih velikih filmovasa velikim pjesmamapa cak i ako su losi filmovi,17,sent,small talk,"['vise', 'nikad', 'stvarno', 'vremena', 'bolje', 'uvijek', 'nemam', 'radi', 'zna', 'puno']"
8288,with gf,2018-06-23,saturday,4.5,Preci cemo ?Jedan cas gotovJa kontala od rolling stonesaOn siu slusaHaha,9,received,making plans,"['imam', 'cas', 'ispit', 'jedan', 'bus', 'dva', 'mozda', 'dana', 'nemam', 'negdje']"
8320,with gf,2018-11-11,sunday,5.0,23 bUkupno 5Ja nemamNervira me sto imam ovo uopste,9,received,making plans,"['imam', 'cas', 'ispit', 'jedan', 'bus', 'dva', 'mozda', 'dana', 'nemam', 'negdje']"
8352,Family,2019-04-07,sunday,3.0,Imam bus u 7I dvadeset do 8OkJaoKad  zumiras,9,received,making plans,"['imam', 'cas', 'ispit', 'jedan', 'bus', 'dva', 'mozda', 'dana', 'nemam', 'negdje']"
8384,Alone,2018-06-24,sunday,3.5,Bukirao sam i prevoz do sarajevoSve je sredjeno(happy)Stignem i na ispit u ponedeljak u 7Eoooo,9,sent,making plans,"['imam', 'cas', 'ispit', 'jedan', 'bus', 'dva', 'mozda', 'dana', 'nemam', 'negdje']"
8416,Alone,2019-01-07,monday,5.0,"11. Im je ispit, u petak, nekad ujutroMogu ti poslati ove slike sto su meni poslali?Odradimo, uslikamo i posaljemoHej",9,sent,making plans,"['imam', 'cas', 'ispit', 'jedan', 'bus', 'dva', 'mozda', 'dana', 'nemam', 'negdje']"
8448,with gf,2018-04-10,tuesday,4.0,Nisam vise ljutaMrzim ovo kod sebeBrzo planenI onda ti puhnesI nista,12,received,making plans,"['nista', 'nemam', 'dan', 'moras', 'rekla', 'opet', 'dana', 'jedan', 'mozda', 'bolje']"
8480,with gf,2018-09-19,wednesday,4.5,Ne bi bio problemAli mi nista ni slicno nismo radiliUzas ziviEroleDao nam je nesto sto nemaaa,12,received,making plans,"['nista', 'nemam', 'dan', 'moras', 'rekla', 'opet', 'dana', 'jedan', 'mozda', 'bolje']"
8512,Family,2019-04-22,monday,3.0,Kako mislis hunPa dobroAli kada spomeneRim na sisiNeofirno mu reci,12,received,making plans,"['nista', 'nemam', 'dan', 'moras', 'rekla', 'opet', 'dana', 'jedan', 'mozda', 'bolje']"
8544,Alone,2018-08-01,wednesday,5.0,GoPa kad se ne lijecisNisi nista popilaVitaminw lijekoveMa jeste,12,sent,making plans,"['nista', 'nemam', 'dan', 'moras', 'rekla', 'opet', 'dana', 'jedan', 'mozda', 'bolje']"
8576,Alone,2018-12-14,friday,3.5,Im so baadU isto vrijeme mi je nekako drago ali se i uzasno osjecamPa ne mogu nista recihttps://crna-hronika.info/video-pogledajte-trenutak-kada-vozac-mercedesa-rusi-semafor/14682Nas semafor,12,sent,making plans,"['nista', 'nemam', 'dan', 'moras', 'rekla', 'opet', 'dana', 'jedan', 'mozda', 'bolje']"
8608,Alone,2019-04-10,wednesday,3.0,Ma aplikacijaAli vise je drustvena mrezaSamo su video materijaliNije nista tog tipaNe treba ti profil,12,sent,making plans,"['nista', 'nemam', 'dan', 'moras', 'rekla', 'opet', 'dana', 'jedan', 'mozda', 'bolje']"
8640,with gf,2018-08-02,thursday,5.0,BejbKakav problem imasTu sam sadaMa gdje ces tiJa bi okruli,10,received,making plans,"['gdje', 'tamo', 'negdje', 'mozemo', 'ovdje', 'vidjeti', 'gledam', 'doci', 'dodje', 'otici']"
8672,Family,2019-04-06,saturday,3.0,Svi iduBas me zanima gdje jwSto me nisiProbudio sin888cKako,10,received,making plans,"['gdje', 'tamo', 'negdje', 'mozemo', 'ovdje', 'vidjeti', 'gledam', 'doci', 'dodje', 'otici']"
8704,Alone,2018-07-14,saturday,3.0,Gdje siSta si sve uradilaPa sta radiiiisEvo dosao kuciJoj iznervirak me adem,10,sent,making plans,"['gdje', 'tamo', 'negdje', 'mozemo', 'ovdje', 'vidjeti', 'gledam', 'doci', 'dodje', 'otici']"
8736,Alone,2018-12-08,saturday,4.0,Gdje ste ?Kad ste kontali ti i pasic na bazen?Da ja odem trening napraviti prijeSuperSuper,10,sent,making plans,"['gdje', 'tamo', 'negdje', 'mozemo', 'ovdje', 'vidjeti', 'gledam', 'doci', 'dodje', 'otici']"
8768,Alone,2019-05-07,tuesday,5.0,Na sred okeanaDaZab sam gdje samAli zato na obalama...,10,sent,making plans,"['gdje', 'tamo', 'negdje', 'mozemo', 'ovdje', 'vidjeti', 'gledam', 'doci', 'dodje', 'otici']"
8800,with gf,2018-06-28,thursday,4.0,Hun ne mogu skriptuUzeli su im skripteEroleTrljajTrljaj,5,received,confirmation,"['mogu', 'vjerujem', 'preko', 'stvarno', 'otici', 'dana', 'nemam', 'hocu', 'veceras', 'vidjeti']"
8832,Family,2018-12-09,sunday,3.0,Ne morssImdb 6.2(surprised)OkejNe moguu da ga nadjem s prevodom,5,received,confirmation,"['mogu', 'vjerujem', 'preko', 'stvarno', 'otici', 'dana', 'nemam', 'hocu', 'veceras', 'vidjeti']"
8864,Alone,2018-05-01,tuesday,4.5,Ne mogu slike da prodjuNe mogu slike da prodjuPoslat cemo kasnijeZnaci ipak sve sutra moramKuci,5,sent,confirmation,"['mogu', 'vjerujem', 'preko', 'stvarno', 'otici', 'dana', 'nemam', 'hocu', 'veceras', 'vidjeti']"
8896,Alone,2018-09-27,thursday,5.0,Cekajuci tatuPa tataCekam da se skloniDa mogu spavatiHun,5,sent,confirmation,"['mogu', 'vjerujem', 'preko', 'stvarno', 'otici', 'dana', 'nemam', 'hocu', 'veceras', 'vidjeti']"
8928,Alone,2019-02-20,wednesday,3.0,Kroz dim ustvariIzgleda 9 iz projektaIma odbranaU petakVidjet cu mogu li izvuci 10,5,sent,confirmation,"['mogu', 'vjerujem', 'preko', 'stvarno', 'otici', 'dana', 'nemam', 'hocu', 'veceras', 'vidjeti']"
